adapter,market_types,spot_project,contract_project,core_ops,public_ws_support,ws_gap,ws_fastest_interval_ms,ws_l1_bbo_evidence,ws_latency_tier,confirmed_tasks,confirmed_task_priorities,confirmed_task_categories,remaining_checks,remaining_check_priorities,remaining_check_categories,workload_score,next_action,doc,mapping
binance,"spot,perpetual",声明,声明,8/8,rest_fallback,公共WS订阅已补/REST snapshot 重建,100,是,10ms/100ms 盘口候选已声明,2,"P0:2","product_line:1,private_ws:1",0,-,-,200,继续补私有 WS 或 Options 边界,docs/交易所网关/适配器/binance_adapter.md,crates/rustcta-exchange-gateway/src/adapters/binance/endpoint_mapping.yaml
bitget,"perpetual,spot",声明,声明,9/9,native,缺推流间隔；缺档位,,否,缺推流间隔证据,3,"P0:2,P4:1","advanced_trading:1,product_line:1,public_ws:1",0,-,-,203,先做已确认 P0 公共订单簿 WS 补全,docs/交易所网关/适配器/bitget_adapter.md,crates/rustcta-exchange-gateway/src/adapters/bitget/endpoint_mapping.yaml
gateio,"perpetual,spot",声明,声明,9/9,native,缺档位,20,否,低延迟盘口候选,3,"P0:2,P4:1","advanced_trading:1,product_line:1,public_ws:1",0,-,-,203,先做已确认 P0 公共订单簿 WS 补全,docs/交易所网关/适配器/gateio_adapter.md,crates/rustcta-exchange-gateway/src/adapters/gateio/endpoint_mapping.yaml
mexc,"perpetual,spot",声明,声明,9/9,native,已记录核心细项,10,是,极速L1候选,3,"P0:2,P4:1","advanced_trading:1,product_line:1,public_ws:1",0,-,-,203,先做已确认 P0 公共订单簿 WS 补全,docs/交易所网关/适配器/mexc_adapter.md,crates/rustcta-exchange-gateway/src/adapters/mexc/endpoint_mapping.yaml
okx,"spot,perpetual",声明,声明,8/8,rest_fallback,Spot+Swap 公共WS订阅已补,10,是,10ms BBO / 100ms books 已声明,2,"P0:2","product_line:1,public_ws:1",0,-,-,153,继续补 Futures/Options 和 VIP TBT depth 边界,docs/交易所网关/适配器/okx_adapter.md,crates/rustcta-exchange-gateway/src/adapters/okx/endpoint_mapping.yaml
huobi,"perpetual,spot",声明,声明,8/9,declared,缺推流间隔；缺档位,,否,缺推流间隔证据,4,"P0:1,P2:1,P3:1,P4:1","advanced_trading:1,fee:1,position:1,public_ws:1",0,-,-,138,先做已确认 P0 公共订单簿 WS 补全,docs/交易所网关/适配器/huobi_adapter.md,crates/rustcta-exchange-gateway/src/adapters/huobi/endpoint_mapping.yaml
kucoin,spot,声明,未声明,8/8,native,已记录核心细项,10,是,极速L1候选,4,"P0:1,P2:1,P3:1,P4:1","advanced_trading:1,fee:1,product_line:1,public_ws:1",0,-,-,138,先做已确认 P0 公共订单簿 WS 补全,docs/交易所网关/适配器/kucoin_adapter.md,crates/rustcta-exchange-gateway/src/adapters/kucoin/endpoint_mapping.yaml
binancecoinm,"futures,perpetual",未声明,声明,9/9,unsupported,公共WS不支持/未接入,,否,公共WS未接入/未声明,3,"P0:1,P2:1,P4:1","advanced_trading:1,explicit_unsupported:1,public_ws:1",0,-,-,128,先做已确认 P0 公共订单簿 WS 补全,docs/交易所网关/适配器/binancecoinm_adapter.md,crates/rustcta-exchange-gateway/src/adapters/binancecoinm/endpoint_mapping.yaml
binanceus,spot,声明,未声明,8/8,unsupported,公共WS不支持/未接入,,否,公共WS未接入/未声明,3,"P0:1,P2:1,P4:1","advanced_trading:1,explicit_unsupported:1,public_ws:1",0,-,-,128,先做已确认 P0 公共订单簿 WS 补全,docs/交易所网关/适配器/binanceus_adapter.md,crates/rustcta-exchange-gateway/src/adapters/binanceus/endpoint_mapping.yaml
cod3x,perpetual,未声明,声明,0/9,未声明,公共WS未声明,,否,公共WS未接入/未声明,7,"P2:4,P3:2,P4:1","account_state_unsupported:1,advanced_trading_unsupported:1,core_trading_unsupported:1,explicit_unsupported:1,fee_unsupported:1,position_unsupported:1,public_ws_unsupported:1",0,-,-,123,暂无已知阻塞项，等待全量复核,docs/交易所网关/适配器/cod3x_adapter.md,crates/rustcta-exchange-gateway/src/adapters/cod3x/endpoint_mapping.yaml
d8x,perpetual,未声明,声明,2/9,spec_only,缺推流间隔；缺档位,,否,缺推流间隔证据,7,"P2:4,P3:2,P4:1","account_state:1,advanced_trading_unsupported:1,core_trading:1,explicit_unsupported:1,fee_unsupported:1,position:1,public_ws_unsupported:1",0,-,-,123,暂无已知阻塞项，等待全量复核,docs/交易所网关/适配器/d8x_adapter.md,crates/rustcta-exchange-gateway/src/adapters/d8x/endpoint_mapping.yaml
derive_chain_perps,perpetual,未声明,声明,0/9,未声明,公共WS未声明,,否,公共WS未接入/未声明,7,"P2:4,P3:2,P4:1","account_state_unsupported:1,advanced_trading_unsupported:1,core_trading_unsupported:1,explicit_unsupported:1,fee_unsupported:1,position_unsupported:1,public_ws_unsupported:1",0,-,-,123,暂无已知阻塞项，等待全量复核,docs/交易所网关/适配器/derive_chain_perps_adapter.md,crates/rustcta-exchange-gateway/src/adapters/derive_chain_perps/endpoint_mapping.yaml
equation,perpetual,未声明,声明,0/9,未声明,公共WS未声明,,否,公共WS未接入/未声明,7,"P2:4,P3:2,P4:1","account_state_unsupported:1,advanced_trading_unsupported:1,core_trading_unsupported:1,explicit_unsupported:1,fee_unsupported:1,position_unsupported:1,public_ws_unsupported:1",0,-,-,123,暂无已知阻塞项，等待全量复核,docs/交易所网关/适配器/equation_adapter.md,crates/rustcta-exchange-gateway/src/adapters/equation/endpoint_mapping.yaml
mango_markets,"margin,perpetual",未声明,声明,0/9,spec_only,缺订单簿channel；缺推流间隔；缺档位,,否,缺推流间隔证据,7,"P2:4,P3:2,P4:1","account_state:1,advanced_trading:1,core_trading:1,fee:1,position:1,product_line:1,public_ws_unsupported:1",0,-,-,123,暂无已知阻塞项，等待全量复核,docs/交易所网关/适配器/mango_markets_adapter.md,crates/rustcta-exchange-gateway/src/adapters/mango_markets/endpoint_mapping.yaml
zeta_markets,perpetual,未声明,声明,2/9,unsupported,公共WS不支持/未接入,,否,公共WS未接入/未声明,7,"P2:4,P3:2,P4:1","account_state_unsupported:1,advanced_trading_unsupported:1,core_trading_unsupported:1,explicit_unsupported:1,fee_unsupported:1,position_unsupported:1,public_ws_unsupported:1",0,-,-,123,暂无已知阻塞项，等待全量复核,docs/交易所网关/适配器/zeta_markets_adapter.md,crates/rustcta-exchange-gateway/src/adapters/zeta_markets/endpoint_mapping.yaml
bybit,"futures,perpetual,spot",声明,声明,9/9,native,缺推流间隔,,是,缺推流间隔证据,3,"P0:1,P3:1,P4:1","advanced_trading:1,fee:1,public_ws:1",0,-,-,113,先做已确认 P0 公共订单簿 WS 补全,docs/交易所网关/适配器/bybit_adapter.md,crates/rustcta-exchange-gateway/src/adapters/bybit/endpoint_mapping.yaml
aark,perpetual,未声明,声明,1/9,spec_only,缺档位,200,否,慢速盘口/需评估,7,"P2:3,P3:3,P4:1","account_state:1,advanced_trading_unsupported:1,core_trading:1,explicit_unsupported:1,fee:1,position:1,public_ws_struct:1",0,-,-,108,暂无已知阻塞项，等待全量复核,docs/交易所网关/适配器/aark_adapter.md,crates/rustcta-exchange-gateway/src/adapters/aark/endpoint_mapping.yaml
aftermath,perpetual,未声明,声明,2/9,spec_only,缺订单簿channel；缺推流间隔；缺档位,,否,缺推流间隔证据,7,"P2:3,P3:3,P4:1","account_state:1,advanced_trading_unsupported:1,core_trading:1,explicit_unsupported:1,fee_unsupported:1,position:1,public_ws_struct:1",0,-,-,108,暂无已知阻塞项，等待全量复核,docs/交易所网关/适配器/aftermath_adapter.md,crates/rustcta-exchange-gateway/src/adapters/aftermath/endpoint_mapping.yaml
bitbns,spot,声明,未声明,2/8,spec_only,缺订单簿channel；缺推流间隔；缺档位,,否,缺推流间隔证据,7,"P2:3,P3:3,P4:1","account_state:1,advanced_trading_unsupported:1,core_trading:1,explicit_unsupported:1,fee_unsupported:1,product_line:1,public_ws_struct:1",0,-,-,108,暂无已知阻塞项，等待全量复核,docs/交易所网关/适配器/bitbns_adapter.md,crates/rustcta-exchange-gateway/src/adapters/bitbns/endpoint_mapping.yaml
bsx,perpetual,未声明,声明,2/9,spec_only,缺档位,25,否,百毫秒盘口候选,7,"P2:3,P3:3,P4:1","account_state:1,advanced_trading_unsupported:1,core_trading:1,fee:1,position_unsupported:1,product_line:1,public_ws_struct:1",0,-,-,108,暂无已知阻塞项，等待全量复核,docs/交易所网关/适配器/bsx_adapter.md,crates/rustcta-exchange-gateway/src/adapters/bsx/endpoint_mapping.yaml
grvt,"option,perpetual",未声明,声明,0/9,parser_only,缺档位,500,否,慢速盘口/需评估,7,"P2:3,P3:3,P4:1","account_state:1,advanced_trading:1,core_trading:1,explicit_unsupported:1,fee:1,position:1,public_ws_struct:1",0,-,-,108,暂无已知阻塞项，等待全量复核,docs/交易所网关/适配器/grvt_adapter.md,crates/rustcta-exchange-gateway/src/adapters/grvt/endpoint_mapping.yaml
hibachi,perpetual,未声明,声明,2/9,parser_only,缺推流间隔；缺档位,,否,缺推流间隔证据,7,"P2:3,P3:3,P4:1","account_state:1,advanced_trading:1,core_trading:1,explicit_unsupported:1,fee:1,position:1,public_ws_struct:1",0,-,-,108,暂无已知阻塞项，等待全量复核,docs/交易所网关/适配器/hibachi_adapter.md,crates/rustcta-exchange-gateway/src/adapters/hibachi/endpoint_mapping.yaml
lighter,perpetual,未声明,声明,0/9,parser_only,缺推流间隔；缺档位,,否,缺推流间隔证据,7,"P2:3,P3:3,P4:1","account_state:1,advanced_trading:1,core_trading:1,fee:1,position:1,product_line:1,public_ws_struct:1",0,-,-,108,暂无已知阻塞项，等待全量复核,docs/交易所网关/适配器/lighter_adapter.md,crates/rustcta-exchange-gateway/src/adapters/lighter/endpoint_mapping.yaml
modetrade,perpetual,未声明,声明,1/9,spec_only,缺档位,200,否,慢速盘口/需评估,7,"P2:3,P3:3,P4:1","account_state:1,advanced_trading_unsupported:1,core_trading:1,explicit_unsupported:1,fee:1,position:1,public_ws_struct:1",0,-,-,108,暂无已知阻塞项，等待全量复核,docs/交易所网关/适配器/modetrade_adapter.md,crates/rustcta-exchange-gateway/src/adapters/modetrade/endpoint_mapping.yaml
coinw,"perpetual,spot",声明,声明,9/9,parser_only,缺订单簿channel；缺推流间隔,,否,缺推流间隔证据,2,"P0:1,P4:1","advanced_trading:1,public_ws:1",0,-,-,103,先做已确认 P0 公共订单簿 WS 补全,docs/交易所网关/适配器/coinw_adapter.md,crates/rustcta-exchange-gateway/src/adapters/coinw/endpoint_mapping.yaml
htx,"perpetual,spot,spot | linear_perp",声明,声明,9/9,declared,缺推流间隔；缺档位,,否,缺推流间隔证据,2,"P0:1,P4:1","advanced_trading:1,public_ws:1",0,-,-,103,先做已确认 P0 公共订单簿 WS 补全,docs/交易所网关/适配器/htx_adapter.md,crates/rustcta-exchange-gateway/src/adapters/htx/endpoint_mapping.yaml
lbank,"perpetual,spot",声明,声明,9/9,native,缺推流间隔,,是,缺推流间隔证据,2,"P0:1,P4:1","advanced_trading:1,public_ws:1",0,-,-,103,先做已确认 P0 公共订单簿 WS 补全,docs/交易所网关/适配器/lbank_adapter.md,crates/rustcta-exchange-gateway/src/adapters/lbank/endpoint_mapping.yaml
bitkan,"perpetual,spot",声明,声明,0/9,unsupported,公共WS不支持/未接入,,否,公共WS未接入/未声明,6,"P2:3,P3:2,P4:1","account_state_unsupported:1,advanced_trading_unsupported:1,core_trading_unsupported:1,fee_unsupported:1,position_unsupported:1,public_ws_unsupported:1",0,-,-,98,暂无已知阻塞项，等待全量复核,docs/交易所网关/适配器/bitkan_adapter.md,crates/rustcta-exchange-gateway/src/adapters/bitkan/endpoint_mapping.yaml
bitteam,spot,声明,未声明,2/8,unsupported,公共WS不支持/未接入,,否,公共WS未接入/未声明,6,"P2:3,P3:2,P4:1","account_state:1,advanced_trading_unsupported:1,core_trading:1,explicit_unsupported:1,fee_unsupported:1,public_ws_unsupported:1",0,-,-,98,暂无已知阻塞项，等待全量复核,docs/交易所网关/适配器/bitteam_adapter.md,crates/rustcta-exchange-gateway/src/adapters/bitteam/endpoint_mapping.yaml
cex,spot,声明,未声明,2/8,未声明,公共WS未声明,,是,公共WS未接入/未声明,6,"P2:3,P3:2,P4:1","account_state:1,advanced_trading_unsupported:1,core_trading:1,explicit_unsupported:1,fee:1,public_ws:1",0,-,-,98,暂无已知阻塞项，等待全量复核,docs/交易所网关/适配器/cex_adapter.md,crates/rustcta-exchange-gateway/src/adapters/cex/endpoint_mapping.yaml
latoken,spot,声明,未声明,2/8,unsupported,公共WS不支持/未接入,,否,公共WS未接入/未声明,6,"P2:3,P3:2,P4:1","account_state:1,advanced_trading:1,core_trading:1,fee:1,product_line:1,public_ws:1",0,-,-,98,暂无已知阻塞项，等待全量复核,docs/交易所网关/适配器/latoken_adapter.md,crates/rustcta-exchange-gateway/src/adapters/latoken/endpoint_mapping.yaml
p2b,spot,声明,未声明,2/8,unsupported,公共WS不支持/未接入,1000,否,公共WS未接入/未声明,6,"P2:3,P3:2,P4:1","account_state:1,advanced_trading_unsupported:1,core_trading:1,explicit_unsupported:1,fee_unsupported:1,public_ws:1",0,-,-,98,暂无已知阻塞项，等待全量复核,docs/交易所网关/适配器/p2b_adapter.md,crates/rustcta-exchange-gateway/src/adapters/p2b/endpoint_mapping.yaml
paymium,spot,声明,未声明,2/8,未声明,公共WS未声明,,否,公共WS未接入/未声明,6,"P2:3,P3:2,P4:1","account_state:1,advanced_trading_unsupported:1,core_trading:1,explicit_unsupported:1,fee_unsupported:1,public_ws:1",0,-,-,98,暂无已知阻塞项，等待全量复核,docs/交易所网关/适配器/paymium_adapter.md,crates/rustcta-exchange-gateway/src/adapters/paymium/endpoint_mapping.yaml
yobit,spot,声明,未声明,2/8,unsupported,公共WS不支持/未接入,,否,公共WS未接入/未声明,6,"P2:3,P3:2,P4:1","account_state:1,advanced_trading_unsupported:1,core_trading:1,explicit_unsupported:1,fee:1,public_ws_unsupported:1",0,-,-,98,暂无已知阻塞项，等待全量复核,docs/交易所网关/适配器/yobit_adapter.md,crates/rustcta-exchange-gateway/src/adapters/yobit/endpoint_mapping.yaml
zebpay,spot,声明,未声明,2/8,unsupported,公共WS不支持/未接入,,否,公共WS未接入/未声明,6,"P2:3,P3:2,P4:1","account_state:1,advanced_trading_unsupported:1,core_trading:1,fee:1,product_line:1,public_ws_unsupported:1",0,-,-,98,暂无已知阻塞项，等待全量复核,docs/交易所网关/适配器/zebpay_adapter.md,crates/rustcta-exchange-gateway/src/adapters/zebpay/endpoint_mapping.yaml
indodax,spot,声明,未声明,7/8,未声明,公共WS未声明,,否,公共WS未接入/未声明,5,"P2:3,P3:1,P4:1","advanced_trading_unsupported:1,core_trading:1,explicit_unsupported:1,fee_unsupported:1,public_ws_unsupported:1",0,-,-,88,暂无已知阻塞项，等待全量复核,docs/交易所网关/适配器/indodax_adapter.md,crates/rustcta-exchange-gateway/src/adapters/indodax/endpoint_mapping.yaml
bybiteu,"futures,perpetual,spot",声明,声明,2/9,spec_only,已记录核心细项,10,是,极速L1候选,6,"P2:2,P3:3,P4:1","account_state:1,advanced_trading_unsupported:1,core_trading:1,fee:1,position:1,public_ws_struct:1",0,-,-,83,暂无已知阻塞项，等待全量复核,docs/交易所网关/适配器/bybiteu_adapter.md,crates/rustcta-exchange-gateway/src/adapters/bybiteu/endpoint_mapping.yaml
fmfwio,spot,声明,未声明,2/8,spec_only,缺订单簿channel,100,是,百毫秒盘口候选,6,"P2:2,P3:3,P4:1","account_state:1,advanced_trading_unsupported:1,core_trading:1,fee:1,product_line:1,public_ws_struct:1",0,-,-,83,暂无已知阻塞项，等待全量复核,docs/交易所网关/适配器/fmfwio_adapter.md,crates/rustcta-exchange-gateway/src/adapters/fmfwio/endpoint_mapping.yaml
hitbtc,spot,声明,未声明,2/8,spec_only,缺订单簿channel,100,是,百毫秒盘口候选,6,"P2:2,P3:3,P4:1","account_state:1,advanced_trading_unsupported:1,core_trading:1,fee:1,product_line:1,public_ws_struct:1",0,-,-,83,暂无已知阻塞项，等待全量复核,docs/交易所网关/适配器/hitbtc_adapter.md,crates/rustcta-exchange-gateway/src/adapters/hitbtc/endpoint_mapping.yaml
hollaex,spot,声明,未声明,2/8,spec_only,缺订单簿channel；缺推流间隔；缺档位,,否,缺推流间隔证据,6,"P2:2,P3:3,P4:1","account_state:1,advanced_trading_unsupported:1,core_trading:1,explicit_unsupported:1,fee_unsupported:1,public_ws_struct:1",0,-,-,83,暂无已知阻塞项，等待全量复核,docs/交易所网关/适配器/hollaex_adapter.md,crates/rustcta-exchange-gateway/src/adapters/hollaex/endpoint_mapping.yaml
myokx,spot,声明,未声明,2/8,payload_spec,已记录核心细项,10,是,极速L1候选,6,"P2:2,P3:3,P4:1","account_state:1,advanced_trading:1,core_trading:1,fee:1,product_line:1,public_ws_struct:1",0,-,-,83,暂无已知阻塞项，等待全量复核,docs/交易所网关/适配器/myokx_adapter.md,crates/rustcta-exchange-gateway/src/adapters/myokx/endpoint_mapping.yaml
okxus,spot,声明,未声明,2/8,spec_only,已记录核心细项,10,是,极速L1候选,6,"P2:2,P3:3,P4:1","account_state:1,advanced_trading:1,core_trading:1,fee:1,product_line:1,public_ws_struct:1",0,-,-,83,暂无已知阻塞项，等待全量复核,docs/交易所网关/适配器/okxus_adapter.md,crates/rustcta-exchange-gateway/src/adapters/okxus/endpoint_mapping.yaml
oxfun,"option,perpetual",未声明,声明,0/9,spec_only,缺推流间隔；缺档位,,否,缺推流间隔证据,6,"P2:2,P3:3,P4:1","account_state_unsupported:1,advanced_trading:1,explicit_unsupported:1,fee_unsupported:1,position_unsupported:1,public_ws_struct:1",0,-,-,83,暂无已知阻塞项，等待全量复核,docs/交易所网关/适配器/oxfun_adapter.md,crates/rustcta-exchange-gateway/src/adapters/oxfun/endpoint_mapping.yaml
wavesexchange,spot,声明,未声明,2/8,spec_only,缺订单簿channel；缺档位,100,否,百毫秒盘口候选,6,"P2:2,P3:3,P4:1","account_state:1,advanced_trading_unsupported:1,core_trading:1,explicit_unsupported:1,fee_unsupported:1,public_ws_struct:1",0,-,-,83,暂无已知阻塞项，等待全量复核,docs/交易所网关/适配器/wavesexchange_adapter.md,crates/rustcta-exchange-gateway/src/adapters/wavesexchange/endpoint_mapping.yaml
coinspot,spot,声明,未声明,6/8,未声明,公共WS未声明,,否,公共WS未接入/未声明,4,"P2:3,P4:1","advanced_trading_unsupported:1,core_trading:1,explicit_unsupported:1,public_ws_unsupported:1",0,-,-,78,暂无已知阻塞项，等待全量复核,docs/交易所网关/适配器/coinspot_adapter.md,crates/rustcta-exchange-gateway/src/adapters/coinspot/endpoint_mapping.yaml
deribit,"futures,option,perpetual",未声明,声明,9/9,native,缺订单簿channel；缺档位,100,否,百毫秒盘口候选,4,"P1:1,P2:1,P3:1,P4:1","advanced_trading:1,fee:1,product_line:1,public_ws_struct:1",0,-,-,78,补已确认 P1 WebSocket 结构化细项,docs/交易所网关/适配器/deribit_adapter.md,crates/rustcta-exchange-gateway/src/adapters/deribit/endpoint_mapping.yaml
apex,perpetual,未声明,声明,2/9,native,缺推流间隔,,否,缺推流间隔证据,5,"P2:2,P3:2,P4:1","advanced_trading_unsupported:1,core_trading:1,fee_unsupported:1,product_line:1,public_ws_struct:1",0,-,-,73,暂无已知阻塞项，等待全量复核,docs/交易所网关/适配器/apex_adapter.md,crates/rustcta-exchange-gateway/src/adapters/apex/endpoint_mapping.yaml
bitso,spot,声明,未声明,0/8,payload_helper,缺订单簿channel；缺推流间隔；缺档位,,否,缺推流间隔证据,5,"P2:2,P3:2,P4:1","advanced_trading_unsupported:1,explicit_unsupported:1,fee:1,product_line:1,public_ws_struct:1",0,-,-,73,暂无已知阻塞项，等待全量复核,docs/交易所网关/适配器/bitso_adapter.md,crates/rustcta-exchange-gateway/src/adapters/bitso/endpoint_mapping.yaml
coinmetro,spot,声明,未声明,8/8,native,缺推流间隔,,是,缺推流间隔证据,5,"P2:2,P3:2,P4:1","advanced_trading_unsupported:1,explicit_unsupported:1,fee_unsupported:1,product_line:1,public_ws_struct:1",0,-,-,73,暂无已知阻塞项，等待全量复核,docs/交易所网关/适配器/coinmetro_adapter.md,crates/rustcta-exchange-gateway/src/adapters/coinmetro/endpoint_mapping.yaml
dydx,perpetual,未声明,声明,6/9,native,缺推流间隔；缺档位,,否,缺推流间隔证据,5,"P2:2,P3:2,P4:1","advanced_trading:1,core_trading:1,fee:1,product_line:1,public_ws_struct:1",0,-,-,73,暂无已知阻塞项，等待全量复核,docs/交易所网关/适配器/dydx_adapter.md,crates/rustcta-exchange-gateway/src/adapters/dydx/endpoint_mapping.yaml
ndax,spot,声明,未声明,2/8,payload_helper,缺订单簿channel；缺推流间隔,,是,缺推流间隔证据,5,"P2:2,P3:2,P4:1","advanced_trading_unsupported:1,explicit_unsupported:1,fee_unsupported:1,product_line:1,public_ws_struct:1",0,-,-,73,暂无已知阻塞项，等待全量复核,docs/交易所网关/适配器/ndax_adapter.md,crates/rustcta-exchange-gateway/src/adapters/ndax/endpoint_mapping.yaml
coinbaseexchange,spot,声明,未声明,8/8,native,缺订单簿channel；缺推流间隔,,否,缺推流间隔证据,3,"P1:1,P2:1,P4:1","advanced_trading:1,explicit_unsupported:1,public_ws_struct:1",0,-,-,68,补已确认 P1 WebSocket 结构化细项,docs/交易所网关/适配器/coinbaseexchange_adapter.md,crates/rustcta-exchange-gateway/src/adapters/coinbaseexchange/endpoint_mapping.yaml
bit2c,spot,声明,未声明,2/8,未声明,公共WS未声明,,否,公共WS未接入/未声明,4,"P2:2,P3:1,P4:1","advanced_trading_unsupported:1,explicit_unsupported:1,fee_unsupported:1,public_ws_unsupported:1",0,-,-,63,暂无已知阻塞项，等待全量复核,docs/交易所网关/适配器/bit2c_adapter.md,crates/rustcta-exchange-gateway/src/adapters/bit2c/endpoint_mapping.yaml
bitbank,spot,声明,未声明,8/8,native,缺订单簿channel；缺推流间隔；缺档位,,否,缺推流间隔证据,4,"P2:2,P3:1,P4:1","advanced_trading:1,explicit_unsupported:1,product_line:1,public_ws_struct:1",0,-,-,63,暂无已知阻塞项，等待全量复核,docs/交易所网关/适配器/bitbank_adapter.md,crates/rustcta-exchange-gateway/src/adapters/bitbank/endpoint_mapping.yaml
blockchaincom,spot,声明,未声明,2/8,spec_only,缺订单簿channel；缺推流间隔,,否,缺推流间隔证据,4,"P2:2,P3:1,P4:1","advanced_trading_unsupported:1,explicit_unsupported:1,product_line:1,public_ws_struct:1",0,-,-,63,暂无已知阻塞项，等待全量复核,docs/交易所网关/适配器/blockchaincom_adapter.md,crates/rustcta-exchange-gateway/src/adapters/blockchaincom/endpoint_mapping.yaml
btcbox,spot,声明,未声明,2/8,unsupported,公共WS不支持/未接入,,否,公共WS未接入/未声明,4,"P2:2,P3:1,P4:1","advanced_trading_unsupported:1,explicit_unsupported:1,fee_unsupported:1,public_ws_unsupported:1",0,-,-,63,暂无已知阻塞项，等待全量复核,docs/交易所网关/适配器/btcbox_adapter.md,crates/rustcta-exchange-gateway/src/adapters/btcbox/endpoint_mapping.yaml
exmo,spot,声明,未声明,8/8,spec_only,缺推流间隔；缺档位,,否,缺推流间隔证据,4,"P2:2,P3:1,P4:1","advanced_trading_unsupported:1,explicit_unsupported:1,product_line:1,public_ws_struct:1",0,-,-,63,暂无已知阻塞项，等待全量复核,docs/交易所网关/适配器/exmo_adapter.md,crates/rustcta-exchange-gateway/src/adapters/exmo/endpoint_mapping.yaml
independentreserve,spot,声明,未声明,8/8,spec_only,缺推流间隔；缺档位,,否,缺推流间隔证据,4,"P2:2,P3:1,P4:1","advanced_trading_unsupported:1,explicit_unsupported:1,product_line:1,public_ws_struct:1",0,-,-,63,暂无已知阻塞项，等待全量复核,docs/交易所网关/适配器/independentreserve_adapter.md,crates/rustcta-exchange-gateway/src/adapters/independentreserve/endpoint_mapping.yaml
pacifica,perpetual,未声明,声明,2/9,spec_only,缺推流间隔,,是,缺推流间隔证据,5,"P2:1,P3:3,P4:1","account_state_unsupported:1,advanced_trading:1,explicit_unsupported:1,fee_unsupported:1,public_ws_struct:1",0,-,-,58,暂无已知阻塞项，等待全量复核,docs/交易所网关/适配器/pacifica_adapter.md,crates/rustcta-exchange-gateway/src/adapters/pacifica/endpoint_mapping.yaml
paradex,"option,perpetual",未声明,声明,4/9,native,缺推流间隔,,是,缺推流间隔证据,5,"P2:1,P3:3,P4:1","account_state:1,advanced_trading_unsupported:1,fee_unsupported:1,product_line:1,public_ws_struct:1",0,-,-,58,暂无已知阻塞项，等待全量复核,docs/交易所网关/适配器/paradex_adapter.md,crates/rustcta-exchange-gateway/src/adapters/paradex/endpoint_mapping.yaml
coinbase,"perpetual,spot",声明,声明,7/9,native,缺订单簿channel；缺推流间隔,,否,缺推流间隔证据,3,"P1:1,P3:1,P4:1","advanced_trading:1,fee:1,public_ws_struct:1",0,-,-,53,补已确认 P1 WebSocket 结构化细项,docs/交易所网关/适配器/coinbase_adapter.md,crates/rustcta-exchange-gateway/src/adapters/coinbase/endpoint_mapping.yaml
coinsph,spot,声明,未声明,8/8,未声明,公共WS未声明,100,是,公共WS未接入/未声明,3,"P2:2,P4:1","advanced_trading_unsupported:1,explicit_unsupported:1,public_ws:1",0,-,-,53,暂无已知阻塞项，等待全量复核,docs/交易所网关/适配器/coinsph_adapter.md,crates/rustcta-exchange-gateway/src/adapters/coinsph/endpoint_mapping.yaml
woo,"perpetual,spot",声明,声明,7/9,native,缺订单簿channel；缺推流间隔,,否,缺推流间隔证据,3,"P1:1,P3:1,P4:1","advanced_trading:1,fee:1,public_ws_struct:1",0,-,-,53,补已确认 P1 WebSocket 结构化细项,docs/交易所网关/适配器/woo_adapter.md,crates/rustcta-exchange-gateway/src/adapters/woo/endpoint_mapping.yaml
alpaca,spot,声明,未声明,7/8,native,缺推流间隔；缺档位,,否,缺推流间隔证据,4,"P2:1,P3:2,P4:1","advanced_trading:1,explicit_unsupported:1,fee_unsupported:1,public_ws_struct:1",0,-,-,48,暂无已知阻塞项，等待全量复核,docs/交易所网关/适配器/alpaca_adapter.md,crates/rustcta-exchange-gateway/src/adapters/alpaca/endpoint_mapping.yaml
biconomy,spot,声明,未声明,8/8,spec_only,缺订单簿channel；缺推流间隔；缺档位,,否,缺推流间隔证据,4,"P2:1,P3:2,P4:1","advanced_trading:1,fee:1,product_line:1,public_ws_struct:1",0,-,-,48,暂无已知阻塞项，等待全量复核,docs/交易所网关/适配器/biconomy_adapter.md,crates/rustcta-exchange-gateway/src/adapters/biconomy/endpoint_mapping.yaml
bitopro,spot,声明,未声明,6/8,native,缺推流间隔；缺档位,,否,缺推流间隔证据,4,"P2:1,P3:2,P4:1","advanced_trading:1,explicit_unsupported:1,fee:1,public_ws_struct:1",0,-,-,48,暂无已知阻塞项，等待全量复核,docs/交易所网关/适配器/bitopro_adapter.md,crates/rustcta-exchange-gateway/src/adapters/bitopro/endpoint_mapping.yaml
bittrade,spot,声明,未声明,8/8,native,缺订单簿channel；缺推流间隔,,是,缺推流间隔证据,4,"P2:1,P3:2,P4:1","advanced_trading:1,explicit_unsupported:1,fee_unsupported:1,public_ws_struct:1",0,-,-,48,暂无已知阻塞项，等待全量复核,docs/交易所网关/适配器/bittrade_adapter.md,crates/rustcta-exchange-gateway/src/adapters/bittrade/endpoint_mapping.yaml
btcturk,spot,声明,未声明,6/8,native,缺订单簿channel；缺推流间隔；缺档位,,否,缺推流间隔证据,4,"P2:1,P3:2,P4:1","advanced_trading_unsupported:1,explicit_unsupported:1,fee:1,public_ws_struct:1",0,-,-,48,暂无已知阻塞项，等待全量复核,docs/交易所网关/适配器/btcturk_adapter.md,crates/rustcta-exchange-gateway/src/adapters/btcturk/endpoint_mapping.yaml
coincheck,spot,声明,未声明,7/8,native,缺推流间隔；缺档位,,否,缺推流间隔证据,4,"P2:1,P3:2,P4:1","advanced_trading:1,explicit_unsupported:1,fee_unsupported:1,public_ws_struct:1",0,-,-,48,暂无已知阻塞项，等待全量复核,docs/交易所网关/适配器/coincheck_adapter.md,crates/rustcta-exchange-gateway/src/adapters/coincheck/endpoint_mapping.yaml
delta,"futures,option,perpetual",未声明,声明,9/9,native,已记录核心细项,100,是,百毫秒盘口候选,4,"P2:1,P3:2,P4:1","advanced_trading:1,fee:1,product_line:1,public_ws_struct:1",0,-,-,48,暂无已知阻塞项，等待全量复核,docs/交易所网关/适配器/delta_adapter.md,crates/rustcta-exchange-gateway/src/adapters/delta/endpoint_mapping.yaml
derive,"option,perpetual",未声明,声明,5/9,native,缺推流间隔；缺档位,,否,缺推流间隔证据,4,"P2:1,P3:2,P4:1","advanced_trading_unsupported:1,fee_unsupported:1,product_line:1,public_ws_struct:1",0,-,-,48,暂无已知阻塞项，等待全量复核,docs/交易所网关/适配器/derive_adapter.md,crates/rustcta-exchange-gateway/src/adapters/derive/endpoint_mapping.yaml
foxbit,spot,声明,未声明,0/8,payload_helper,缺推流间隔,,否,缺推流间隔证据,4,"P2:1,P3:2,P4:1","advanced_trading_unsupported:1,explicit_unsupported:1,fee_unsupported:1,public_ws_struct:1",0,-,-,48,暂无已知阻塞项，等待全量复核,docs/交易所网关/适配器/foxbit_adapter.md,crates/rustcta-exchange-gateway/src/adapters/foxbit/endpoint_mapping.yaml
gemini,spot,声明,未声明,8/8,native,缺订单簿channel,100,是,百毫秒盘口候选,4,"P2:1,P3:2,P4:1","advanced_trading_unsupported:1,fee_unsupported:1,product_line:1,public_ws_struct:1",0,-,-,48,暂无已知阻塞项，等待全量复核,docs/交易所网关/适配器/gemini_adapter.md,crates/rustcta-exchange-gateway/src/adapters/gemini/endpoint_mapping.yaml
hyperliquid,perpetual,未声明,声明,8/9,native,缺推流间隔,,是,缺推流间隔证据,4,"P2:1,P3:2,P4:1","advanced_trading:1,fee:1,product_line:1,public_ws_struct:1",0,-,-,48,暂无已知阻塞项，等待全量复核,docs/交易所网关/适配器/hyperliquid_adapter.md,crates/rustcta-exchange-gateway/src/adapters/hyperliquid/endpoint_mapping.yaml
krakenfutures,perpetual,未声明,声明,9/9,native,缺订单簿channel；缺推流间隔；缺档位,,否,缺推流间隔证据,4,"P2:1,P3:2,P4:1","advanced_trading:1,explicit_unsupported:1,fee:1,public_ws_struct:1",0,-,-,48,暂无已知阻塞项，等待全量复核,docs/交易所网关/适配器/krakenfutures_adapter.md,crates/rustcta-exchange-gateway/src/adapters/krakenfutures/endpoint_mapping.yaml
mercado,spot,声明,未声明,0/8,payload_helper,缺推流间隔；缺档位,,否,缺推流间隔证据,4,"P2:1,P3:2,P4:1","advanced_trading_unsupported:1,explicit_unsupported:1,fee:1,public_ws_struct:1",0,-,-,48,暂无已知阻塞项，等待全量复核,docs/交易所网关/适配器/mercado_adapter.md,crates/rustcta-exchange-gateway/src/adapters/mercado/endpoint_mapping.yaml
novadax,spot,声明,未声明,0/8,payload_helper,缺推流间隔,,否,缺推流间隔证据,4,"P2:1,P3:2,P4:1","advanced_trading:1,explicit_unsupported:1,fee:1,public_ws_struct:1",0,-,-,48,暂无已知阻塞项，等待全量复核,docs/交易所网关/适配器/novadax_adapter.md,crates/rustcta-exchange-gateway/src/adapters/novadax/endpoint_mapping.yaml
tokocrypto,spot,声明,未声明,8/8,spec_only,缺订单簿channel；缺档位,100,否,百毫秒盘口候选,4,"P2:1,P3:2,P4:1","advanced_trading_unsupported:1,explicit_unsupported:1,fee_unsupported:1,public_ws_struct:1",0,-,-,48,暂无已知阻塞项，等待全量复核,docs/交易所网关/适配器/tokocrypto_adapter.md,crates/rustcta-exchange-gateway/src/adapters/tokocrypto/endpoint_mapping.yaml
woofipro,perpetual,未声明,声明,9/9,spec_only,缺档位,200,否,慢速盘口/需评估,4,"P2:1,P3:2,P4:1","advanced_trading:1,explicit_unsupported:1,fee_unsupported:1,public_ws_struct:1",0,-,-,48,暂无已知阻塞项，等待全量复核,docs/交易所网关/适配器/woofipro_adapter.md,crates/rustcta-exchange-gateway/src/adapters/woofipro/endpoint_mapping.yaml
zaif,spot,声明,未声明,7/8,native,缺订单簿channel；缺推流间隔；缺档位,,否,缺推流间隔证据,4,"P2:1,P3:2,P4:1","advanced_trading_unsupported:1,explicit_unsupported:1,fee_unsupported:1,public_ws_struct:1",0,-,-,48,暂无已知阻塞项，等待全量复核,docs/交易所网关/适配器/zaif_adapter.md,crates/rustcta-exchange-gateway/src/adapters/zaif/endpoint_mapping.yaml
backpack,"perpetual,spot",声明,声明,9/9,parser_only,缺推流间隔,,是,缺推流间隔证据,2,"P1:1,P4:1","advanced_trading:1,public_ws_struct:1",0,-,-,43,补已确认 P1 WebSocket 结构化细项,docs/交易所网关/适配器/backpack_adapter.md,crates/rustcta-exchange-gateway/src/adapters/backpack/endpoint_mapping.yaml
bitmex,"perpetual,spot",声明,声明,9/9,native,缺推流间隔,,否,缺推流间隔证据,2,"P1:1,P4:1","advanced_trading:1,public_ws_struct:1",0,-,-,43,补已确认 P1 WebSocket 结构化细项,docs/交易所网关/适配器/bitmex_adapter.md,crates/rustcta-exchange-gateway/src/adapters/bitmex/endpoint_mapping.yaml
kraken,"perpetual,spot",声明,声明,9/9,native,缺推流间隔；缺档位,,否,缺推流间隔证据,2,"P1:1,P4:1","advanced_trading:1,public_ws_struct:1",0,-,-,43,补已确认 P1 WebSocket 结构化细项,docs/交易所网关/适配器/kraken_adapter.md,crates/rustcta-exchange-gateway/src/adapters/kraken/endpoint_mapping.yaml
orangex,"perpetual,spot",声明,声明,9/9,spec_only,缺订单簿channel；缺档位,100,否,百毫秒盘口候选,2,"P1:1,P4:1","advanced_trading:1,public_ws_struct:1",0,-,-,43,补已确认 P1 WebSocket 结构化细项,docs/交易所网关/适配器/orangex_adapter.md,crates/rustcta-exchange-gateway/src/adapters/orangex/endpoint_mapping.yaml
whitebit,"perpetual,spot",声明,声明,9/9,native,缺推流间隔,,是,缺推流间隔证据,2,"P1:1,P4:1","advanced_trading:1,public_ws_struct:1",0,-,-,43,补已确认 P1 WebSocket 结构化细项,docs/交易所网关/适配器/whitebit_adapter.md,crates/rustcta-exchange-gateway/src/adapters/whitebit/endpoint_mapping.yaml
apollox_dex,perpetual,未声明,声明,2/9,spec_only,缺订单簿channel,100,是,百毫秒盘口候选,3,"P2:1,P3:1,P4:1","advanced_trading:1,product_line:1,public_ws_struct:1",0,-,-,38,暂无已知阻塞项，等待全量复核,docs/交易所网关/适配器/apollox_dex_adapter.md,crates/rustcta-exchange-gateway/src/adapters/apollox_dex/endpoint_mapping.yaml
aster,perpetual,未声明,声明,9/9,declared,已记录核心细项,100,是,百毫秒盘口候选,3,"P2:1,P3:1,P4:1","advanced_trading_unsupported:1,product_line:1,public_ws_struct:1",0,-,-,38,暂无已知阻塞项，等待全量复核,docs/交易所网关/适配器/aster_adapter.md,crates/rustcta-exchange-gateway/src/adapters/aster/endpoint_mapping.yaml
bitflyer,"margin,spot",声明,未声明,8/8,native,缺订单簿channel；缺推流间隔；缺档位,,否,缺推流间隔证据,3,"P2:1,P3:1,P4:1","advanced_trading:1,product_line:1,public_ws_struct:1",0,-,-,38,暂无已知阻塞项，等待全量复核,docs/交易所网关/适配器/bitflyer_adapter.md,crates/rustcta-exchange-gateway/src/adapters/bitflyer/endpoint_mapping.yaml
bithumb,spot,声明,未声明,8/8,native,缺订单簿channel；缺推流间隔；缺档位,,否,缺推流间隔证据,3,"P2:1,P3:1,P4:1","advanced_trading_unsupported:1,explicit_unsupported:1,public_ws_struct:1",0,-,-,38,暂无已知阻塞项，等待全量复核,docs/交易所网关/适配器/bithumb_adapter.md,crates/rustcta-exchange-gateway/src/adapters/bithumb/endpoint_mapping.yaml
bitstamp,spot,声明,未声明,8/8,declared,缺推流间隔；缺档位,,否,缺推流间隔证据,3,"P2:1,P3:1,P4:1","advanced_trading:1,product_line:1,public_ws_struct:1",0,-,-,38,暂无已知阻塞项，等待全量复核,docs/交易所网关/适配器/bitstamp_adapter.md,crates/rustcta-exchange-gateway/src/adapters/bitstamp/endpoint_mapping.yaml
bitvavo,spot,声明,未声明,8/8,native,缺推流间隔；缺档位,,否,缺推流间隔证据,3,"P2:1,P3:1,P4:1","advanced_trading_unsupported:1,explicit_unsupported:1,public_ws_struct:1",0,-,-,38,暂无已知阻塞项，等待全量复核,docs/交易所网关/适配器/bitvavo_adapter.md,crates/rustcta-exchange-gateway/src/adapters/bitvavo/endpoint_mapping.yaml
blofin,perpetual,未声明,声明,9/9,native,缺档位,100,否,百毫秒盘口候选,3,"P2:1,P3:1,P4:1","advanced_trading:1,product_line:1,public_ws_struct:1",0,-,-,38,暂无已知阻塞项，等待全量复核,docs/交易所网关/适配器/blofin_adapter.md,crates/rustcta-exchange-gateway/src/adapters/blofin/endpoint_mapping.yaml
btcmarkets,spot,声明,未声明,8/8,spec_only,缺推流间隔；缺档位,,否,缺推流间隔证据,3,"P2:1,P3:1,P4:1","advanced_trading:1,explicit_unsupported:1,public_ws_struct:1",0,-,-,38,暂无已知阻塞项，等待全量复核,docs/交易所网关/适配器/btcmarkets_adapter.md,crates/rustcta-exchange-gateway/src/adapters/btcmarkets/endpoint_mapping.yaml
coinex,spot,声明,未声明,8/8,native,缺订单簿channel；缺档位,200,否,慢速盘口/需评估,3,"P2:1,P3:1,P4:1","advanced_trading:1,product_line:1,public_ws_struct:1",0,-,-,38,暂无已知阻塞项，等待全量复核,docs/交易所网关/适配器/coinex_adapter.md,crates/rustcta-exchange-gateway/src/adapters/coinex/endpoint_mapping.yaml
coinmate,spot,声明,未声明,2/8,payload_helper,缺推流间隔；缺档位,,否,缺推流间隔证据,3,"P2:1,P3:1,P4:1","advanced_trading:1,explicit_unsupported:1,public_ws_struct:1",0,-,-,38,暂无已知阻塞项，等待全量复核,docs/交易所网关/适配器/coinmate_adapter.md,crates/rustcta-exchange-gateway/src/adapters/coinmate/endpoint_mapping.yaml
coinone,spot,声明,未声明,8/8,spec_only,缺推流间隔；缺档位,,否,缺推流间隔证据,3,"P2:1,P3:1,P4:1","advanced_trading_unsupported:1,explicit_unsupported:1,public_ws_struct:1",0,-,-,38,暂无已知阻塞项，等待全量复核,docs/交易所网关/适配器/coinone_adapter.md,crates/rustcta-exchange-gateway/src/adapters/coinone/endpoint_mapping.yaml
cryptomus,spot,声明,未声明,5/8,spec_only,缺订单簿channel；缺推流间隔；缺档位,,否,缺推流间隔证据,3,"P2:1,P3:1,P4:1","advanced_trading_unsupported:1,explicit_unsupported:1,public_ws_struct:1",0,-,-,38,暂无已知阻塞项，等待全量复核,docs/交易所网关/适配器/cryptomus_adapter.md,crates/rustcta-exchange-gateway/src/adapters/cryptomus/endpoint_mapping.yaml
kucoinfutures,perpetual,未声明,声明,9/9,native,缺订单簿channel,100,是,百毫秒盘口候选,3,"P2:1,P3:1,P4:1","advanced_trading:1,explicit_unsupported:1,public_ws_struct:1",0,-,-,38,暂无已知阻塞项，等待全量复核,docs/交易所网关/适配器/kucoinfutures_adapter.md,crates/rustcta-exchange-gateway/src/adapters/kucoinfutures/endpoint_mapping.yaml
luno,spot,声明,未声明,6/8,native,缺订单簿channel；缺推流间隔；缺档位,,否,缺推流间隔证据,3,"P2:1,P3:1,P4:1","advanced_trading_unsupported:1,explicit_unsupported:1,public_ws_struct:1",0,-,-,38,暂无已知阻塞项，等待全量复核,docs/交易所网关/适配器/luno_adapter.md,crates/rustcta-exchange-gateway/src/adapters/luno/endpoint_mapping.yaml
onetrading,spot,声明,未声明,2/8,spec_only,缺订单簿channel；缺推流间隔,,是,缺推流间隔证据,3,"P2:1,P3:1,P4:1","advanced_trading_unsupported:1,product_line:1,public_ws_struct:1",0,-,-,38,暂无已知阻塞项，等待全量复核,docs/交易所网关/适配器/onetrading_adapter.md,crates/rustcta-exchange-gateway/src/adapters/onetrading/endpoint_mapping.yaml
upbit,spot,声明,未声明,8/8,native,缺订单簿channel；缺推流间隔；缺档位,,否,缺推流间隔证据,3,"P2:1,P3:1,P4:1","advanced_trading_unsupported:1,explicit_unsupported:1,public_ws_struct:1",0,-,-,38,暂无已知阻塞项，等待全量复核,docs/交易所网关/适配器/upbit_adapter.md,crates/rustcta-exchange-gateway/src/adapters/upbit/endpoint_mapping.yaml
weex,"perpetual,spot",声明,声明,2/9,native,缺订单簿channel；缺推流间隔,,否,缺推流间隔证据,3,"P2:1,P3:1,P4:1","advanced_trading:1,core_trading:1,public_ws_struct:1",0,-,-,38,暂无已知阻塞项，等待全量复核,docs/交易所网关/适配器/weex_adapter.md,crates/rustcta-exchange-gateway/src/adapters/weex/endpoint_mapping.yaml
ascendex,"perpetual,spot",声明,声明,9/9,未声明,公共WS未声明,300,是,公共WS未接入/未声明,2,"P2:1,P4:1","advanced_trading:1,public_ws_struct:1",0,-,-,28,暂无已知阻塞项，等待全量复核,docs/交易所网关/适配器/ascendex_adapter.md,crates/rustcta-exchange-gateway/src/adapters/ascendex/endpoint_mapping.yaml
bequant,spot,声明,未声明,8/8,native,已记录核心细项,1000,否,慢速盘口/需评估,2,"P2:1,P4:1","advanced_trading_unsupported:1,product_line:1",0,-,-,28,暂无已知阻塞项，等待全量复核,docs/交易所网关/适配器/bequant_adapter.md,crates/rustcta-exchange-gateway/src/adapters/bequant/endpoint_mapping.yaml
bigone,"perpetual,spot",声明,声明,9/9,parser_only,缺订单簿channel；缺推流间隔；缺档位,,否,缺推流间隔证据,3,"P3:2,P4:1","advanced_trading:1,fee:1,public_ws_struct:1",0,-,-,23,暂无已知阻塞项，等待全量复核,docs/交易所网关/适配器/bigone_adapter.md,crates/rustcta-exchange-gateway/src/adapters/bigone/endpoint_mapping.yaml
bitfinex,"margin,perpetual,spot",声明,声明,9/9,spec_only,缺订单簿channel；缺档位,2000,否,慢速盘口/需评估,3,"P3:2,P4:1","advanced_trading:1,fee_unsupported:1,public_ws_struct:1",0,-,-,23,暂无已知阻塞项，等待全量复核,docs/交易所网关/适配器/bitfinex_adapter.md,crates/rustcta-exchange-gateway/src/adapters/bitfinex/endpoint_mapping.yaml
bitmart,"perpetual,spot",声明,声明,9/9,spec_only,缺订单簿channel,100,是,百毫秒盘口候选,3,"P3:2,P4:1","advanced_trading:1,fee:1,public_ws_struct:1",0,-,-,23,暂无已知阻塞项，等待全量复核,docs/交易所网关/适配器/bitmart_adapter.md,crates/rustcta-exchange-gateway/src/adapters/bitmart/endpoint_mapping.yaml
bitunix,"perpetual,spot",声明,声明,8/9,spec_only,缺订单簿channel；缺档位,15000,否,慢速盘口/需评估,3,"P3:2,P4:1","advanced_trading:1,fee_unsupported:1,public_ws_struct:1",0,-,-,23,暂无已知阻塞项，等待全量复核,docs/交易所网关/适配器/bitunix_adapter.md,crates/rustcta-exchange-gateway/src/adapters/bitunix/endpoint_mapping.yaml
bydfi,"perpetual,spot",声明,声明,9/9,native,缺订单簿channel,100,否,百毫秒盘口候选,3,"P3:2,P4:1","advanced_trading:1,fee:1,public_ws_struct:1",0,-,-,23,暂无已知阻塞项，等待全量复核,docs/交易所网关/适配器/bydfi_adapter.md,crates/rustcta-exchange-gateway/src/adapters/bydfi/endpoint_mapping.yaml
coindcx,"perpetual,spot",声明,声明,9/9,declared,缺档位,60000,否,慢速盘口/需评估,3,"P3:2,P4:1","advanced_trading:1,fee_unsupported:1,public_ws_struct:1",0,-,-,23,暂无已知阻塞项，等待全量复核,docs/交易所网关/适配器/coindcx_adapter.md,crates/rustcta-exchange-gateway/src/adapters/coindcx/endpoint_mapping.yaml
coinstore,"perpetual,spot",声明,声明,9/9,parser_only,缺订单簿channel；缺档位,100,否,百毫秒盘口候选,3,"P3:2,P4:1","advanced_trading:1,fee:1,public_ws_struct:1",0,-,-,23,暂无已知阻塞项，等待全量复核,docs/交易所网关/适配器/coinstore_adapter.md,crates/rustcta-exchange-gateway/src/adapters/coinstore/endpoint_mapping.yaml
digifinex,"perpetual,spot",声明,声明,8/9,spec_only,缺订单簿channel；缺推流间隔；缺档位,,否,缺推流间隔证据,3,"P3:2,P4:1","advanced_trading:1,fee:1,public_ws_struct:1",0,-,-,23,暂无已知阻塞项，等待全量复核,docs/交易所网关/适配器/digifinex_adapter.md,crates/rustcta-exchange-gateway/src/adapters/digifinex/endpoint_mapping.yaml
hashkey_global,"perpetual,spot",声明,声明,8/9,spec_only,缺订单簿channel；缺档位,300,否,慢速盘口/需评估,3,"P3:2,P4:1","advanced_trading:1,fee:1,public_ws_struct:1",0,-,-,23,暂无已知阻塞项，等待全量复核,docs/交易所网关/适配器/hashkey_global_adapter.md,crates/rustcta-exchange-gateway/src/adapters/hashkey_global/endpoint_mapping.yaml
tapbit,"perpetual,spot",声明,声明,9/9,implemented_spec_parser,缺订单簿channel；缺推流间隔；缺档位,,否,缺推流间隔证据,3,"P3:2,P4:1","advanced_trading:1,fee:1,public_ws_struct:1",0,-,-,23,暂无已知阻塞项，等待全量复核,docs/交易所网关/适配器/tapbit_adapter.md,crates/rustcta-exchange-gateway/src/adapters/tapbit/endpoint_mapping.yaml
toobit,"perpetual,spot",声明,声明,7/9,native,缺订单簿channel,300,是,慢速盘口/需评估,3,"P3:2,P4:1","advanced_trading:1,fee:1,public_ws_struct:1",0,-,-,23,暂无已知阻塞项，等待全量复核,docs/交易所网关/适配器/toobit_adapter.md,crates/rustcta-exchange-gateway/src/adapters/toobit/endpoint_mapping.yaml
arkham,"perpetual,spot",声明,声明,2/9,spec_only,缺订单簿channel；缺推流间隔；缺档位,,否,缺推流间隔证据,2,"P3:1,P4:1","advanced_trading_unsupported:1,public_ws_struct:1",0,-,-,13,暂无已知阻塞项，等待全量复核,docs/交易所网关/适配器/arkham_adapter.md,crates/rustcta-exchange-gateway/src/adapters/arkham/endpoint_mapping.yaml
bitrue,"perpetual,spot",声明,声明,8/9,parser_only,缺订单簿channel；缺推流间隔；缺档位,,否,缺推流间隔证据,2,"P3:1,P4:1","advanced_trading:1,public_ws_struct:1",0,-,-,13,暂无已知阻塞项，等待全量复核,docs/交易所网关/适配器/bitrue_adapter.md,crates/rustcta-exchange-gateway/src/adapters/bitrue/endpoint_mapping.yaml
bullish,"futures,perpetual,spot",声明,声明,2/9,native,缺推流间隔,,是,缺推流间隔证据,2,"P3:1,P4:1","advanced_trading_unsupported:1,public_ws_struct:1",0,-,-,13,暂无已知阻塞项，等待全量复核,docs/交易所网关/适配器/bullish_adapter.md,crates/rustcta-exchange-gateway/src/adapters/bullish/endpoint_mapping.yaml
cointr,"perpetual,spot",声明,声明,9/9,declared,缺档位,300,否,慢速盘口/需评估,2,"P3:1,P4:1","advanced_trading:1,public_ws_struct:1",0,-,-,13,暂无已知阻塞项，等待全量复核,docs/交易所网关/适配器/cointr_adapter.md,crates/rustcta-exchange-gateway/src/adapters/cointr/endpoint_mapping.yaml
deepcoin,"perpetual,spot",声明,声明,9/9,spec_only,缺订单簿channel；缺推流间隔；缺档位,,否,缺推流间隔证据,2,"P3:1,P4:1","advanced_trading:1,public_ws_struct:1",0,-,-,13,暂无已知阻塞项，等待全量复核,docs/交易所网关/适配器/deepcoin_adapter.md,crates/rustcta-exchange-gateway/src/adapters/deepcoin/endpoint_mapping.yaml
phemex,"perpetual,spot",声明,声明,8/9,native,缺档位,20,否,低延迟盘口候选,2,"P3:1,P4:1","advanced_trading:1,public_ws_struct:1",0,-,-,13,暂无已知阻塞项，等待全量复核,docs/交易所网关/适配器/phemex_adapter.md,crates/rustcta-exchange-gateway/src/adapters/phemex/endpoint_mapping.yaml
poloniex,"perpetual,spot",声明,声明,9/9,native,缺推流间隔；缺档位,,否,缺推流间隔证据,2,"P3:1,P4:1","advanced_trading:1,public_ws_struct:1",0,-,-,13,暂无已知阻塞项，等待全量复核,docs/交易所网关/适配器/poloniex_adapter.md,crates/rustcta-exchange-gateway/src/adapters/poloniex/endpoint_mapping.yaml
xt,"perpetual,spot",声明,声明,9/9,parser_only,缺订单簿channel；缺档位,1000,否,慢速盘口/需评估,2,"P3:1,P4:1","advanced_trading:1,public_ws_struct:1",0,-,-,13,暂无已知阻塞项，等待全量复核,docs/交易所网关/适配器/xt_adapter.md,crates/rustcta-exchange-gateway/src/adapters/xt/endpoint_mapping.yaml
cryptocom,"perpetual,spot",声明,声明,9/9,native,缺档位,500,否,慢速盘口/需评估,1,P3:1,public_ws_struct:1,0,-,-,10,暂无已知阻塞项，等待全量复核,docs/交易所网关/适配器/cryptocom_adapter.md,crates/rustcta-exchange-gateway/src/adapters/cryptocom/endpoint_mapping.yaml
bingx,"perpetual,spot",声明,声明,9/9,parser_only,已记录核心细项,500,否,慢速盘口/需评估,0,-,-,0,-,-,0,暂无已知阻塞项，等待全量复核,docs/交易所网关/适配器/bingx_adapter.md,crates/rustcta-exchange-gateway/src/adapters/bingx/endpoint_mapping.yaml
kcex,"perpetual,spot",声明,声明,0/9,unsupported,公共WS不支持/未接入,,否,公共WS未接入/未声明,0,-,-,0,-,-,0,暂无已知阻塞项，等待全量复核,docs/交易所网关/适配器/kcex_adapter.md,crates/rustcta-exchange-gateway/src/adapters/kcex/endpoint_mapping.yaml
