exchange,market_types,spot_project,contract_project,official_gap_check,public_ws_support,private_ws_support,public_ws_channels,private_ws_channels,orderbook_channels,ws_push_interval_evidence,ws_depth_evidence,ws_fastest_interval_ms,ws_l1_bbo_evidence,ws_latency_tier,ws_gap,mapping,doc,get_symbol_rules,get_order_book,get_balances,get_positions,get_fees,place_order,place_quote_market_order,cancel_order,amend_order,place_order_list,batch_place_orders,batch_cancel_orders,cancel_all_orders,query_order,get_open_orders,get_recent_fills
aark,perpetual,未声明,声明,需核验现货,spec_only,unsupported,"public_orderbook_delta,{symbol}@orderbookupdate","executionreport/account,private_user_events,public_orderbook_delta,{symbol}@orderbookupdate","public_orderbook_delta,{symbol}@orderbookupdate",200ms,,200,否,慢速盘口/需评估,缺档位,crates/rustcta-exchange-gateway/src/adapters/aark/endpoint_mapping.yaml,docs/交易所网关/适配器/aark_adapter.md,运行,离线,不支持,不支持,-,不支持,-,不支持,-,-,不支持,不支持,不支持,-,不支持,不支持
aftermath,perpetual,未声明,声明,需核验现货,spec_only,unsupported,,,,,,,否,缺推流间隔证据,缺订单簿channel；缺推流间隔；缺档位,crates/rustcta-exchange-gateway/src/adapters/aftermath/endpoint_mapping.yaml,docs/交易所网关/适配器/aftermath_adapter.md,运行,运行,不支持,不支持,不支持,不支持,-,不支持,不支持,-,不支持,不支持,不支持,不支持,不支持,不支持
alpaca,spot,声明,未声明,需核验/确认交易所不支持合约,native,unsupported,orderbooks,,orderbooks,,,,否,缺推流间隔证据,缺推流间隔；缺档位,crates/rustcta-exchange-gateway/src/adapters/alpaca/endpoint_mapping.yaml,docs/交易所网关/适配器/alpaca_adapter.md,运行,运行,运行,运行,不支持,运行,运行,运行,-,-,-,-,运行,运行,运行,不支持
apex,perpetual,未声明,声明,需核验现货,native,api_key_login,"candle,instrumentInfo,orderBook200,recentlyTrade",ws_zk_accounts_v3,orderBook200,,"2,200",,否,缺推流间隔证据,缺推流间隔,crates/rustcta-exchange-gateway/src/adapters/apex/endpoint_mapping.yaml,docs/交易所网关/适配器/apex_adapter.md,原生,原生,离线,离线,不支持,不支持,不支持,离线,不支持,不支持,不支持,不支持,离线,离线,离线,离线
apollox_dex,perpetual,未声明,声明,需核验现货,spec_only,spec_only,,,,"100ms,250ms,500ms","1,20",100,是,百毫秒盘口候选,缺订单簿channel,crates/rustcta-exchange-gateway/src/adapters/apollox_dex/endpoint_mapping.yaml,docs/交易所网关/适配器/apollox_dex_adapter.md,运行,运行,离线,离线,离线,离线,-,离线,-,-,离线,-,离线,离线,离线,离线
arkham,"perpetual,spot",声明,声明,,spec_only,unsupported_unverified,,,,,,,否,缺推流间隔证据,缺订单簿channel；缺推流间隔；缺档位,crates/rustcta-exchange-gateway/src/adapters/arkham/endpoint_mapping.yaml,docs/交易所网关/适配器/arkham_adapter.md,运行,运行,离线,离线,离线,离线,-,离线,-,-,-,-,离线,离线,离线,离线
ascendex,"perpetual,spot",声明,声明,,未声明,未声明,,,,300ms,"1,2",300,是,公共WS未接入/未声明,公共WS未声明,crates/rustcta-exchange-gateway/src/adapters/ascendex/endpoint_mapping.yaml,docs/交易所网关/适配器/ascendex_adapter.md,-,-,-,-,-,-,-,-,-,-,-,-,-,-,-,-
aster,perpetual,未声明,声明,需核验现货,declared,declared,"aggTrade,depth,depth20,kline,ticker","ACCOUNT_UPDATE,ORDER_TRADE_UPDATE,listenKeyExpired","depth,depth20","100ms,250ms,500ms","1,20",100,是,百毫秒盘口候选,已记录核心细项,crates/rustcta-exchange-gateway/src/adapters/aster/endpoint_mapping.yaml,docs/交易所网关/适配器/aster_adapter.md,运行,运行,运行,运行,运行,运行,-,运行,-,-,-,-,运行,运行,运行,运行
backpack,"perpetual,spot",声明,声明,,parser_only,parser_only,"bookTicker,depth,kline,ticker,trade","account.orderUpdate,account.positionUpdate","bookTicker,depth",,1,,是,缺推流间隔证据,缺推流间隔,crates/rustcta-exchange-gateway/src/adapters/backpack/endpoint_mapping.yaml,docs/交易所网关/适配器/backpack_adapter.md,映射,映射,映射,映射,映射,映射,映射,映射,-,-,映射,映射,映射,映射,映射,映射
bequant,spot,声明,未声明,需核验/确认交易所不支持合约,native,spec_only,"orderbook/D20/1000ms,ticker/price/1s,trades",,orderbook/D20/1000ms,"1s,1000ms",20,1000,否,慢速盘口/需评估,已记录核心细项,crates/rustcta-exchange-gateway/src/adapters/bequant/endpoint_mapping.yaml,docs/交易所网关/适配器/bequant_adapter.md,运行,运行,运行,-,运行,运行,-,运行,-,-,-,-,运行,运行,运行,运行
biconomy,spot,声明,未声明,需核验/确认交易所不支持合约,spec_only,spec_only,,,,,,,否,缺推流间隔证据,缺订单簿channel；缺推流间隔；缺档位,crates/rustcta-exchange-gateway/src/adapters/biconomy/endpoint_mapping.yaml,docs/交易所网关/适配器/biconomy_adapter.md,运行,运行,-,-,-,运行,-,运行,-,-,-,-,-,运行,运行,运行
bigone,"perpetual,spot",声明,声明,,parser_only,parser_only,,,,,,,否,缺推流间隔证据,缺订单簿channel；缺推流间隔；缺档位,crates/rustcta-exchange-gateway/src/adapters/bigone/endpoint_mapping.yaml,docs/交易所网关/适配器/bigone_adapter.md,运行,运行,运行,运行,-,运行,-,运行,-,-,运行,运行,运行,运行,运行,运行
binance,spot,声明,未声明,需核验/确认交易所不支持合约,unsupported,unsupported,,,,,,,否,公共WS未接入/未声明,公共WS不支持/未接入,crates/rustcta-exchange-gateway/src/adapters/binance/endpoint_mapping.yaml,docs/交易所网关/适配器/binance_adapter.md,运行,运行,运行,-,运行,运行,运行,运行,运行,运行,-,-,运行,运行,运行,运行
binancecoinm,"futures,perpetual",未声明,声明,需核验现货,unsupported,unsupported,,,,,,,否,公共WS未接入/未声明,公共WS不支持/未接入,crates/rustcta-exchange-gateway/src/adapters/binancecoinm/endpoint_mapping.yaml,docs/交易所网关/适配器/binancecoinm_adapter.md,运行,运行,运行,运行,运行,运行,-,运行,运行,-,-,-,运行,运行,运行,运行
binanceus,spot,声明,未声明,需核验/确认交易所不支持合约,unsupported,unsupported,,,,,,,否,公共WS未接入/未声明,公共WS不支持/未接入,crates/rustcta-exchange-gateway/src/adapters/binanceus/endpoint_mapping.yaml,docs/交易所网关/适配器/binanceus_adapter.md,运行,运行,运行,-,运行,运行,运行,运行,不支持,不支持,-,-,运行,运行,运行,运行
bingx,"perpetual,spot",声明,声明,,parser_only,parser_only,"candles,order_book_delta,order_book_snapshot,ticker,trades","account,balances,fills,orders,positions","order_book_delta,order_book_snapshot",500ms,"5,50",500,否,慢速盘口/需评估,已记录核心细项,crates/rustcta-exchange-gateway/src/adapters/bingx/endpoint_mapping.yaml,docs/交易所网关/适配器/bingx_adapter.md,-,-,-,-,-,-,-,-,-,-,-,-,-,-,-,-
bit2c,spot,声明,未声明,需核验/确认交易所不支持合约,未声明,未声明,,,,,,,否,公共WS未接入/未声明,公共WS未声明,crates/rustcta-exchange-gateway/src/adapters/bit2c/endpoint_mapping.yaml,docs/交易所网关/适配器/bit2c_adapter.md,运行,运行,离线,-,-,离线,-,离线,-,-,-,-,-,离线,离线,-
bitbank,spot,声明,未声明,需核验/确认交易所不支持合约,native,native,,,,,,,否,缺推流间隔证据,缺订单簿channel；缺推流间隔；缺档位,crates/rustcta-exchange-gateway/src/adapters/bitbank/endpoint_mapping.yaml,docs/交易所网关/适配器/bitbank_adapter.md,运行,运行,映射,-,映射,映射,-,映射,-,-,-,映射,-,映射,映射,映射
bitbns,spot,声明,未声明,需核验/确认交易所不支持合约,spec_only,unsupported,,,,,,,否,缺推流间隔证据,缺订单簿channel；缺推流间隔；缺档位,crates/rustcta-exchange-gateway/src/adapters/bitbns/endpoint_mapping.yaml,docs/交易所网关/适配器/bitbns_adapter.md,运行,运行,-,-,-,-,-,-,-,-,-,-,-,-,-,-
bitfinex,"margin,perpetual,spot",声明,声明,,spec_only,spec_only,,,,2s,,2000,否,慢速盘口/需评估,缺订单簿channel；缺档位,crates/rustcta-exchange-gateway/src/adapters/bitfinex/endpoint_mapping.yaml,docs/交易所网关/适配器/bitfinex_adapter.md,运行,运行,-,运行,-,运行,-,运行,-,-,-,运行,运行,运行,运行,运行
bitflyer,"margin,spot",声明,未声明,需核验/确认交易所不支持合约,native,native,"lightning_board_snapshot_{product_code},lightning_board_{product_code},lightning_executions_{product_code},lightning_ticker_{product_code}",,,,,,否,缺推流间隔证据,缺订单簿channel；缺推流间隔；缺档位,crates/rustcta-exchange-gateway/src/adapters/bitflyer/endpoint_mapping.yaml,docs/交易所网关/适配器/bitflyer_adapter.md,运行,运行,映射,-,映射,映射,-,映射,-,-,-,-,映射,映射,映射,映射
bitget,spot,声明,未声明,需核验/确认交易所不支持合约,unsupported,unsupported,,,,,,,否,公共WS未接入/未声明,公共WS不支持/未接入,crates/rustcta-exchange-gateway/src/adapters/bitget/endpoint_mapping.yaml,docs/交易所网关/适配器/bitget_adapter.md,运行,运行,运行,-,运行,运行,运行,运行,运行,-,-,-,运行,运行,运行,运行
bithumb,spot,声明,未声明,需核验/确认交易所不支持合约,native,native_specs_only,,,,,,,否,缺推流间隔证据,缺订单簿channel；缺推流间隔；缺档位,crates/rustcta-exchange-gateway/src/adapters/bithumb/endpoint_mapping.yaml,docs/交易所网关/适配器/bithumb_adapter.md,运行,运行,映射,-,映射,映射,-,映射,-,-,-,-,-,映射,映射,映射
bitkan,"perpetual,spot",声明,声明,,unsupported,unsupported,,,,,,,否,公共WS未接入/未声明,公共WS不支持/未接入,crates/rustcta-exchange-gateway/src/adapters/bitkan/endpoint_mapping.yaml,docs/交易所网关/适配器/bitkan_adapter.md,不支持,不支持,-,-,-,不支持,-,不支持,-,-,不支持,-,-,-,不支持,-
bitmart,"perpetual,spot",声明,声明,,spec_only,spec_only,,,,"100ms,500ms","1,5,20,50",100,是,百毫秒盘口候选,缺订单簿channel,crates/rustcta-exchange-gateway/src/adapters/bitmart/endpoint_mapping.yaml,docs/交易所网关/适配器/bitmart_adapter.md,运行,运行,-,运行,-,运行,原生,运行,-,-,-,运行,运行,运行,运行,运行
bitmex,"perpetual,spot",声明,声明,,native,native_when_credentials_configured,"orderBookL2,quote,trade,tradeBin1d,tradeBin1h,tradeBin1m,tradeBin5m","execution,margin,order,position,wallet",orderBookL2,,2,,否,缺推流间隔证据,缺推流间隔,crates/rustcta-exchange-gateway/src/adapters/bitmex/endpoint_mapping.yaml,docs/交易所网关/适配器/bitmex_adapter.md,原生,原生,原生,原生,原生,原生,-,原生,原生,-,原生,原生,原生,原生,原生,原生
bitopro,spot,声明,未声明,需核验/确认交易所不支持合约,native,native,"{'order_book_snapshot': '/v1/pub/order-books/{PAIR}:{limit}', 'trades': '/v1/pub/trades/{PAIR}', 'ticker': '/v1/pub/tickers/{PAIR}'}","{'orders': '/v1/pub/auth/orders', 'order_history': '/v1/pub/auth/orders/histories', 'balances': '/v1/pub/auth/account-balance', 'user_trades': '/v1/pub/auth/user-trades'}","{'order_book_snapshot': '/v1/pub/order-books/{PAIR}:{limit}', 'trades': '/v1/pub/trades/{PAIR}', 'ticker': '/v1/pub/tickers/{PAIR}'}",,,,否,缺推流间隔证据,缺推流间隔；缺档位,crates/rustcta-exchange-gateway/src/adapters/bitopro/endpoint_mapping.yaml,docs/交易所网关/适配器/bitopro_adapter.md,运行,运行,运行,-,不支持,离线,-,离线,不支持,-,离线,离线,离线,运行,运行,运行
bitrue,"perpetual,spot",声明,声明,,parser_only,parser_only,,,,,,,否,缺推流间隔证据,缺订单簿channel；缺推流间隔；缺档位,crates/rustcta-exchange-gateway/src/adapters/bitrue/endpoint_mapping.yaml,docs/交易所网关/适配器/bitrue_adapter.md,运行,运行,运行,运行,运行,运行,-,运行,-,-,-,运行,-,-,运行,运行
bitso,spot,声明,未声明,需核验/确认交易所不支持合约,payload_helper,unsupported,"diff-orders,orders,trades",,,,,,否,缺推流间隔证据,缺订单簿channel；缺推流间隔；缺档位,crates/rustcta-exchange-gateway/src/adapters/bitso/endpoint_mapping.yaml,docs/交易所网关/适配器/bitso_adapter.md,离线,离线,离线,-,-,离线,-,离线,-,-,-,-,-,离线,离线,离线
bitstamp,spot,声明,未声明,需核验/确认交易所不支持合约,declared,declared,"diff_order_book,live_trades,order_book","private-my_orders,private-user","diff_order_book,order_book",,,,否,缺推流间隔证据,缺推流间隔；缺档位,crates/rustcta-exchange-gateway/src/adapters/bitstamp/endpoint_mapping.yaml,docs/交易所网关/适配器/bitstamp_adapter.md,运行,运行,运行,-,运行,运行,-,运行,运行,-,-,-,运行,运行,运行,运行
bitteam,spot,声明,未声明,需核验/确认交易所不支持合约,unsupported,unsupported,,,,,,,否,公共WS未接入/未声明,公共WS不支持/未接入,crates/rustcta-exchange-gateway/src/adapters/bitteam/endpoint_mapping.yaml,docs/交易所网关/适配器/bitteam_adapter.md,运行,运行,不支持,-,-,不支持,-,不支持,-,-,-,-,-,-,不支持,不支持
bittrade,spot,声明,未声明,需核验/确认交易所不支持合约,native,request_spec_only,,,,,1,,是,缺推流间隔证据,缺订单簿channel；缺推流间隔,crates/rustcta-exchange-gateway/src/adapters/bittrade/endpoint_mapping.yaml,docs/交易所网关/适配器/bittrade_adapter.md,运行,运行,映射,-,-,映射,-,映射,-,-,-,映射,-,映射,映射,映射
bitunix,"perpetual,spot",声明,声明,,spec_only,spec_only,,,,15s,,15000,否,慢速盘口/需评估,缺订单簿channel；缺档位,crates/rustcta-exchange-gateway/src/adapters/bitunix/endpoint_mapping.yaml,docs/交易所网关/适配器/bitunix_adapter.md,运行,运行,-,运行,-,运行,-,运行,-,-,运行,-,-,-,运行,运行
bitvavo,spot,声明,未声明,需核验/确认交易所不支持合约,native,native,"book,candles,ticker,trades",account,book,,,,否,缺推流间隔证据,缺推流间隔；缺档位,crates/rustcta-exchange-gateway/src/adapters/bitvavo/endpoint_mapping.yaml,docs/交易所网关/适配器/bitvavo_adapter.md,运行,运行,运行,-,运行,运行,-,运行,-,-,-,-,运行,运行,运行,运行
blockchaincom,spot,声明,未声明,需核验/确认交易所不支持合约,spec_only,spec_only,"heartbeat,l2,l3,prices,symbols,ticker,trades","auth,balances,trading",,,"2,3",,否,缺推流间隔证据,缺订单簿channel；缺推流间隔,crates/rustcta-exchange-gateway/src/adapters/blockchaincom/endpoint_mapping.yaml,docs/交易所网关/适配器/blockchaincom_adapter.md,运行,运行,离线,-,离线,离线,-,离线,-,-,-,-,离线,离线,离线,离线
blofin,perpetual,未声明,声明,需核验现货,native,native_when_credentials_configured,"books,books5,candle,funding-rate,tickers,trades","account,orders,orders-algo,positions","books,books5",100ms,,100,否,百毫秒盘口候选,缺档位,crates/rustcta-exchange-gateway/src/adapters/blofin/endpoint_mapping.yaml,docs/交易所网关/适配器/blofin_adapter.md,运行,运行,运行,运行,运行,运行,-,运行,-,-,运行,运行,运行,运行,运行,运行
bsx,perpetual,未声明,声明,需核验现货,spec_only,unsupported,"book,public_orderbook_delta","book,orders/account,private_user_events,public_orderbook_delta","book,public_orderbook_delta",,,,否,缺推流间隔证据,缺推流间隔；缺档位,crates/rustcta-exchange-gateway/src/adapters/bsx/endpoint_mapping.yaml,docs/交易所网关/适配器/bsx_adapter.md,运行,运行,不支持,不支持,-,离线,-,不支持,-,-,不支持,不支持,不支持,-,离线,不支持
btcbox,spot,声明,未声明,需核验/确认交易所不支持合约,unsupported,unsupported,,,,,,,否,公共WS未接入/未声明,公共WS不支持/未接入,crates/rustcta-exchange-gateway/src/adapters/btcbox/endpoint_mapping.yaml,docs/交易所网关/适配器/btcbox_adapter.md,运行,运行,离线,-,-,离线,-,离线,-,-,-,-,-,离线,离线,-
btcmarkets,spot,声明,未声明,需核验/确认交易所不支持合约,spec_only,spec_only,"orderbook,trade","fund_change,order_change",orderbook,,,,否,缺推流间隔证据,缺推流间隔；缺档位,crates/rustcta-exchange-gateway/src/adapters/btcmarkets/endpoint_mapping.yaml,docs/交易所网关/适配器/btcmarkets_adapter.md,运行,运行,运行,-,运行,运行,运行,运行,-,-,运行,运行,运行,运行,运行,运行
btcturk,spot,声明,未声明,需核验/确认交易所不支持合约,native,spec_only,,,,,,,否,缺推流间隔证据,缺订单簿channel；缺推流间隔；缺档位,crates/rustcta-exchange-gateway/src/adapters/btcturk/endpoint_mapping.yaml,docs/交易所网关/适配器/btcturk_adapter.md,运行,运行,映射,-,-,离线,-,离线,-,-,-,-,-,映射,映射,映射
bullish,"futures,perpetual,spot",声明,声明,,native,jwt_cookie_required,"l1Orderbook,l2Orderbook,tick,trades","assetAccounts,derivativesPositions,orders,trades","l1Orderbook,l2Orderbook",,"1,2",,是,缺推流间隔证据,缺推流间隔,crates/rustcta-exchange-gateway/src/adapters/bullish/endpoint_mapping.yaml,docs/交易所网关/适配器/bullish_adapter.md,原生,原生,离线,离线,离线,离线,不支持,离线,离线,不支持,不支持,不支持,离线,-,离线,离线
bybit,"futures,perpetual,spot",声明,声明,,spec_only,spec_only_when_credentials_configured,"kline.1,orderbook.50,publicTrade,tickers","execution,order,position,wallet",orderbook.50,,50,,否,缺推流间隔证据,缺推流间隔,crates/rustcta-exchange-gateway/src/adapters/bybit/endpoint_mapping.yaml,docs/交易所网关/适配器/bybit_adapter.md,运行,运行,运行,运行,-,运行,-,运行,-,-,-,-,运行,运行,运行,运行
bybiteu,"futures,perpetual,spot",声明,声明,,spec_only,unsupported,"kline.1,orderbook.50,publicTrade,tickers",,orderbook.50,,50,,否,缺推流间隔证据,缺推流间隔,crates/rustcta-exchange-gateway/src/adapters/bybiteu/endpoint_mapping.yaml,docs/交易所网关/适配器/bybiteu_adapter.md,映射,映射,不支持,不支持,-,不支持,-,不支持,-,-,-,-,不支持,不支持,不支持,不支持
bydfi,"perpetual,spot",声明,声明,,native,unsupported,,,,,10,,否,缺推流间隔证据,缺订单簿channel；缺推流间隔,crates/rustcta-exchange-gateway/src/adapters/bydfi/endpoint_mapping.yaml,docs/交易所网关/适配器/bydfi_adapter.md,运行,运行,运行,运行,-,运行,-,运行,运行,-,运行,运行,运行,运行,运行,运行
cex,spot,声明,未声明,需核验/确认交易所不支持合约,未声明,未声明,,,,,"1,2",,是,公共WS未接入/未声明,公共WS未声明,crates/rustcta-exchange-gateway/src/adapters/cex/endpoint_mapping.yaml,docs/交易所网关/适配器/cex_adapter.md,运行,运行,-,-,-,不支持,-,-,-,-,-,-,-,-,-,-
cod3x,perpetual,未声明,声明,需核验现货,未声明,未声明,,,,,,,否,公共WS未接入/未声明,公共WS未声明,crates/rustcta-exchange-gateway/src/adapters/cod3x/endpoint_mapping.yaml,docs/交易所网关/适配器/cod3x_adapter.md,不支持,不支持,不支持,不支持,不支持,不支持,-,不支持,-,-,不支持,不支持,不支持,不支持,不支持,不支持
coinbase,"perpetual,spot",声明,声明,,native,native,,,,,2,,否,缺推流间隔证据,缺订单簿channel；缺推流间隔,crates/rustcta-exchange-gateway/src/adapters/coinbase/endpoint_mapping.yaml,docs/交易所网关/适配器/coinbase_adapter.md,运行,运行,运行,-,-,运行,-,运行,-,-,运行,运行,-,-,-,运行
coinbaseexchange,spot,声明,未声明,需核验/确认交易所不支持合约,native,native,"heartbeat,level2,matches,ticker",,,,2,,否,缺推流间隔证据,缺订单簿channel；缺推流间隔,crates/rustcta-exchange-gateway/src/adapters/coinbaseexchange/endpoint_mapping.yaml,docs/交易所网关/适配器/coinbaseexchange_adapter.md,运行,运行,运行,-,运行,运行,-,运行,-,-,-,-,运行,运行,运行,运行
coincheck,spot,声明,未声明,需核验/确认交易所不支持合约,native,unsupported,"{pair}-orderbook,{pair}-trades",,{pair}-orderbook,,,,否,缺推流间隔证据,缺推流间隔；缺档位,crates/rustcta-exchange-gateway/src/adapters/coincheck/endpoint_mapping.yaml,docs/交易所网关/适配器/coincheck_adapter.md,运行,运行,运行,-,-,运行,-,运行,-,-,-,-,-,-,运行,运行
coindcx,"perpetual,spot",声明,声明,,declared,declared,"{instrument}@orderbook@50-futures,{instrument}@trades-futures,{symbol}@orderbook@50,{symbol}@prices,{symbol}@trades,{symbol}_{interval}",,"{instrument}@orderbook@50-futures,{symbol}@orderbook@50",60s,,60000,否,慢速盘口/需评估,缺档位,crates/rustcta-exchange-gateway/src/adapters/coindcx/endpoint_mapping.yaml,docs/交易所网关/适配器/coindcx_adapter.md,映射,映射,映射,映射,-,映射,-,映射,-,-,映射,映射,-,映射,映射,映射
coinex,spot,声明,未声明,需核验/确认交易所不支持合约,native,native,,,,200ms,,200,否,慢速盘口/需评估,缺订单簿channel；缺档位,crates/rustcta-exchange-gateway/src/adapters/coinex/endpoint_mapping.yaml,docs/交易所网关/适配器/coinex_adapter.md,运行,运行,运行,-,运行,运行,-,运行,运行,-,-,-,运行,运行,运行,运行
coinmate,spot,声明,未声明,需核验/确认交易所不支持合约,payload_helper,payload_helper_only,"order_book-{PAIR},statistics-{PAIR},trades-{PAIR}","private-open_orders-{ACCOUNT_ID}[-{PAIR}],private-user-trades-{ACCOUNT_ID}[-{PAIR}],private-user_balances-{ACCOUNT_ID}",order_book-{PAIR},,,,否,缺推流间隔证据,缺推流间隔；缺档位,crates/rustcta-exchange-gateway/src/adapters/coinmate/endpoint_mapping.yaml,docs/交易所网关/适配器/coinmate_adapter.md,原生,原生,离线,-,离线,离线,-,离线,离线,-,-,-,离线,离线,离线,离线
coinmetro,spot,声明,未声明,需核验/确认交易所不支持合约,native,native,"book_update,tick","orderStatus,walletUpdate",book_update,,1,,是,缺推流间隔证据,缺推流间隔,crates/rustcta-exchange-gateway/src/adapters/coinmetro/endpoint_mapping.yaml,docs/交易所网关/适配器/coinmetro_adapter.md,运行,运行,运行,-,-,运行,-,运行,-,-,-,-,-,运行,运行,运行
coinone,spot,声明,未声明,需核验/确认交易所不支持合约,spec_only,spec_only,orderbook,orders,orderbook,,,,否,缺推流间隔证据,缺推流间隔；缺档位,crates/rustcta-exchange-gateway/src/adapters/coinone/endpoint_mapping.yaml,docs/交易所网关/适配器/coinone_adapter.md,运行,运行,运行,-,运行,运行,运行,运行,-,-,-,-,运行,运行,运行,运行
coinsph,spot,声明,未声明,需核验/确认交易所不支持合约,未声明,未声明,,,,"100ms,1000ms",1,100,是,公共WS未接入/未声明,公共WS未声明,crates/rustcta-exchange-gateway/src/adapters/coinsph/endpoint_mapping.yaml,docs/交易所网关/适配器/coinsph_adapter.md,运行,运行,运行,-,运行,运行,-,运行,-,-,-,-,-,运行,运行,运行
coinspot,spot,声明,未声明,需核验/确认交易所不支持合约,未声明,未声明,,,,,,,否,公共WS未接入/未声明,公共WS未声明,crates/rustcta-exchange-gateway/src/adapters/coinspot/endpoint_mapping.yaml,docs/交易所网关/适配器/coinspot_adapter.md,运行,运行,运行,-,运行,运行,-,-,-,-,-,-,-,-,运行,运行
coinstore,"perpetual,spot",声明,声明,,parser_only,parser_only,match,match,,,,,否,缺推流间隔证据,缺订单簿channel；缺推流间隔；缺档位,crates/rustcta-exchange-gateway/src/adapters/coinstore/endpoint_mapping.yaml,docs/交易所网关/适配器/coinstore_adapter.md,运行,运行,运行,-,-,运行,-,运行,-,-,运行,运行,-,-,运行,-
cointr,"perpetual,spot",声明,声明,,declared,declared,"books5,candle,subscribe_public_stream,ticker,trade","subscribe_private_stream,subscribe_public_stream,user.account,user.fills,user.orders,user.positions",books5,,,,否,缺推流间隔证据,缺推流间隔；缺档位,crates/rustcta-exchange-gateway/src/adapters/cointr/endpoint_mapping.yaml,docs/交易所网关/适配器/cointr_adapter.md,运行,运行,运行,运行,运行,运行,原生,运行,-,-,运行,运行,运行,运行,运行,运行
coinw,"perpetual,spot",声明,声明,,parser_only,parser_only,,,,,2,,否,缺推流间隔证据,缺订单簿channel；缺推流间隔,crates/rustcta-exchange-gateway/src/adapters/coinw/endpoint_mapping.yaml,docs/交易所网关/适配器/coinw_adapter.md,映射,映射,映射,映射,映射,映射,映射,映射,-,-,-,映射,-,映射,映射,映射
cryptocom,"perpetual,spot",声明,声明,,native,native,"book,candlestick,ticker,trade","user.balance,user.order,user.trade",book,500ms,,500,否,慢速盘口/需评估,缺档位,crates/rustcta-exchange-gateway/src/adapters/cryptocom/endpoint_mapping.yaml,docs/交易所网关/适配器/cryptocom_adapter.md,运行,运行,运行,运行,运行,运行,运行,运行,运行,运行,运行,运行,运行,运行,运行,运行
cryptomus,spot,声明,未声明,需核验/确认交易所不支持合约,spec_only,spec_only,,,,,,,否,缺推流间隔证据,缺订单簿channel；缺推流间隔；缺档位,crates/rustcta-exchange-gateway/src/adapters/cryptomus/endpoint_mapping.yaml,docs/交易所网关/适配器/cryptomus_adapter.md,运行,运行,离线,-,离线,离线,不支持,离线,-,-,-,-,-,离线,离线,离线
d8x,perpetual,未声明,声明,需核验现货,spec_only,unsupported,"orderbook:{ticker_id},public_orderbook_delta","orderbook:{ticker_id},private_orders,public_orderbook_delta,unsupported","orderbook:{ticker_id},public_orderbook_delta",,,,否,缺推流间隔证据,缺推流间隔；缺档位,crates/rustcta-exchange-gateway/src/adapters/d8x/endpoint_mapping.yaml,docs/交易所网关/适配器/d8x_adapter.md,运行,运行,不支持,不支持,-,不支持,-,不支持,-,-,不支持,不支持,不支持,-,不支持,不支持
deepcoin,"perpetual,spot",声明,声明,,spec_only,spec_only,,,,,,,否,缺推流间隔证据,缺订单簿channel；缺推流间隔；缺档位,crates/rustcta-exchange-gateway/src/adapters/deepcoin/endpoint_mapping.yaml,docs/交易所网关/适配器/deepcoin_adapter.md,运行,运行,运行,运行,运行,运行,-,运行,运行,-,运行,运行,运行,运行,运行,运行
delta,"futures,option,perpetual",未声明,声明,需核验现货,native,native,"all_trades,candlestick_1m,l2_orderbook,v2/ticker","orders,positions,v2/user_trades,wallet",l2_orderbook,,2,,否,缺推流间隔证据,缺推流间隔,crates/rustcta-exchange-gateway/src/adapters/delta/endpoint_mapping.yaml,docs/交易所网关/适配器/delta_adapter.md,运行,运行,运行,运行,-,运行,-,运行,-,-,-,-,-,运行,运行,运行
deribit,"futures,option,perpetual",未声明,声明,需核验现货,native,native,,"user.orders.any.any.100ms,user.portfolio.any,user.trades.any.any.100ms",,100ms,,100,否,百毫秒盘口候选,缺订单簿channel；缺档位,crates/rustcta-exchange-gateway/src/adapters/deribit/endpoint_mapping.yaml,docs/交易所网关/适配器/deribit_adapter.md,运行,运行,运行,运行,-,运行,-,运行,-,-,-,-,-,-,-,-
derive,"option,perpetual",未声明,声明,需核验现货,native,spec_only,"orderbook,ticker,trades","private.balances,private.orders,private.positions,private.trades",orderbook,,,,否,缺推流间隔证据,缺推流间隔；缺档位,crates/rustcta-exchange-gateway/src/adapters/derive/endpoint_mapping.yaml,docs/交易所网关/适配器/derive_adapter.md,原生,原生,原生,原生,-,离线,-,离线,-,-,-,-,-,-,原生,-
derive_chain_perps,perpetual,未声明,声明,需核验现货,未声明,未声明,,,,,,,否,公共WS未接入/未声明,公共WS未声明,crates/rustcta-exchange-gateway/src/adapters/derive_chain_perps/endpoint_mapping.yaml,docs/交易所网关/适配器/derive_chain_perps_adapter.md,不支持,不支持,不支持,不支持,不支持,不支持,-,不支持,-,-,不支持,不支持,不支持,不支持,不支持,不支持
digifinex,"perpetual,spot",声明,声明,,spec_only,spec_only,,,,,,,否,缺推流间隔证据,缺订单簿channel；缺推流间隔；缺档位,crates/rustcta-exchange-gateway/src/adapters/digifinex/endpoint_mapping.yaml,docs/交易所网关/适配器/digifinex_adapter.md,运行,运行,-,运行,-,运行,-,运行,-,-,运行,-,-,-,运行,运行
dydx,perpetual,未声明,声明,需核验现货,native,native_when_wallet_configured,"v4_candles,v4_markets,v4_orderbook,v4_trades",v4_subaccounts,v4_orderbook,,,,否,缺推流间隔证据,缺推流间隔；缺档位,crates/rustcta-exchange-gateway/src/adapters/dydx/endpoint_mapping.yaml,docs/交易所网关/适配器/dydx_adapter.md,原生,原生,原生,原生,-,不支持,-,不支持,-,-,-,-,-,-,原生,原生
equation,perpetual,未声明,声明,需核验现货,未声明,未声明,,,,,,,否,公共WS未接入/未声明,公共WS未声明,crates/rustcta-exchange-gateway/src/adapters/equation/endpoint_mapping.yaml,docs/交易所网关/适配器/equation_adapter.md,不支持,不支持,不支持,不支持,不支持,不支持,-,不支持,-,-,不支持,不支持,不支持,不支持,不支持,不支持
exmo,spot,声明,未声明,需核验/确认交易所不支持合约,spec_only,spec_only,"spot/order_book_snapshots,spot/order_book_updates,spot/order_book_updates:{pair},spot/ticker,spot/trades,subscribe_public_order_book_delta","spot/order_book_updates:{pair},spot/orders,spot/user_trades,spot/wallet,subscribe_private_user_trades,subscribe_public_order_book_delta","spot/order_book_snapshots,spot/order_book_updates,spot/order_book_updates:{pair},subscribe_public_order_book_delta",,,,否,缺推流间隔证据,缺推流间隔；缺档位,crates/rustcta-exchange-gateway/src/adapters/exmo/endpoint_mapping.yaml,docs/交易所网关/适配器/exmo_adapter.md,运行,运行,运行,-,运行,运行,运行,运行,-,-,-,-,-,运行,运行,运行
fmfwio,spot,声明,未声明,需核验/确认交易所不支持合约,spec_only,spec_only,,,,1000ms,5,1000,否,慢速盘口/需评估,缺订单簿channel,crates/rustcta-exchange-gateway/src/adapters/fmfwio/endpoint_mapping.yaml,docs/交易所网关/适配器/fmfwio_adapter.md,运行,运行,-,-,-,不支持,-,不支持,-,-,-,-,-,-,不支持,不支持
foxbit,spot,声明,未声明,需核验/确认交易所不支持合约,payload_helper,auth_payload_only,"orderbook-100,orderbook-1000,orderbook-250,orderbook-500,public_orderbook_subscribe,ticker,trades","orderbook-1000,private,private_account_events,public_orderbook_subscribe","orderbook-100,orderbook-1000,orderbook-250,orderbook-500,public_orderbook_subscribe",,"100,250,500,1000",,否,缺推流间隔证据,缺推流间隔,crates/rustcta-exchange-gateway/src/adapters/foxbit/endpoint_mapping.yaml,docs/交易所网关/适配器/foxbit_adapter.md,离线,离线,离线,-,-,离线,-,离线,-,-,-,-,-,离线,离线,离线
gateio,spot,声明,未声明,需核验/确认交易所不支持合约,unsupported,unsupported,,,,,,,否,公共WS未接入/未声明,公共WS不支持/未接入,crates/rustcta-exchange-gateway/src/adapters/gateio/endpoint_mapping.yaml,docs/交易所网关/适配器/gateio_adapter.md,运行,运行,运行,-,运行,运行,运行,运行,运行,-,-,-,运行,运行,运行,运行
gemini,spot,声明,未声明,需核验/确认交易所不支持合约,native,native,marketdata,order_events,,,,,否,缺推流间隔证据,缺订单簿channel；缺推流间隔；缺档位,crates/rustcta-exchange-gateway/src/adapters/gemini/endpoint_mapping.yaml,docs/交易所网关/适配器/gemini_adapter.md,运行,运行,运行,-,-,运行,-,运行,-,-,-,-,运行,运行,运行,运行
grvt,"option,perpetual",未声明,声明,需核验现货,parser_only,unsupported,"{'book_snapshot': {'path': 'v1.book.s', 'support': 'parser_only', 'fixture': 'tests/fixtures/exchanges/grvt/ws/book_delta.json'}}","{'orders': {'path': 'v1/order', 'support': 'unsupported_unverified', 'auth': 'api_key', 'reason': 'grvt.private_stream_session_spec_only'}, 'positions': {'path': 'v1/positions', 'support': 'unsupported_unverified', 'auth': 'api_key', 'reason': 'grvt.private_stream_session_spec_only'}, 'fills': {'path': 'v1/fill', 'support': 'unsupported_unverified', 'auth': 'api_key', 'reason': 'grvt.private_stream_session_spec_only'}}","{'book_snapshot': {'path': 'v1.book.s', 'support': 'parser_only', 'fixture': 'tests/fixtures/exchanges/grvt/ws/book_delta.json'}}",,,,否,缺推流间隔证据,缺推流间隔；缺档位,crates/rustcta-exchange-gateway/src/adapters/grvt/endpoint_mapping.yaml,docs/交易所网关/适配器/grvt_adapter.md,离线,离线,-,不支持,-,不支持,-,不支持,不支持,-,不支持,-,不支持,不支持,不支持,不支持
hashkey_global,"perpetual,spot",声明,声明,,spec_only,spec_only,,,,,,,否,缺推流间隔证据,缺订单簿channel；缺推流间隔；缺档位,crates/rustcta-exchange-gateway/src/adapters/hashkey_global/endpoint_mapping.yaml,docs/交易所网关/适配器/hashkey_global_adapter.md,运行,运行,-,-,-,运行,-,运行,-,-,运行,-,-,-,运行,运行
hibachi,perpetual,未声明,声明,需核验现货,parser_only,unsupported,"{'orderbook': {'channel': 'orderbook/{symbol}', 'support': 'payload_fixture_only'}, 'trades': {'channel': 'trades/{symbol}', 'support': 'payload_fixture_only'}}",,"{'orderbook': {'channel': 'orderbook/{symbol}', 'support': 'payload_fixture_only'}, 'trades': {'channel': 'trades/{symbol}', 'support': 'payload_fixture_only'}}",,,,否,缺推流间隔证据,缺推流间隔；缺档位,crates/rustcta-exchange-gateway/src/adapters/hibachi/endpoint_mapping.yaml,docs/交易所网关/适配器/hibachi_adapter.md,运行,运行,-,-,-,不支持,-,不支持,不支持,-,不支持,-,不支持,不支持,不支持,不支持
hitbtc,spot,声明,未声明,需核验/确认交易所不支持合约,spec_only,spec_only,,,,1000ms,5,1000,否,慢速盘口/需评估,缺订单簿channel,crates/rustcta-exchange-gateway/src/adapters/hitbtc/endpoint_mapping.yaml,docs/交易所网关/适配器/hitbtc_adapter.md,运行,运行,-,-,-,不支持,-,不支持,-,-,-,-,-,-,不支持,不支持
hollaex,spot,声明,未声明,需核验/确认交易所不支持合约,spec_only,spec_only,,,,,,,否,缺推流间隔证据,缺订单簿channel；缺推流间隔；缺档位,crates/rustcta-exchange-gateway/src/adapters/hollaex/endpoint_mapping.yaml,docs/交易所网关/适配器/hollaex_adapter.md,运行,运行,不支持,-,-,不支持,-,不支持,-,-,-,-,-,-,不支持,不支持
htx,"perpetual,spot,spot | linear_perp",声明,声明,,declared,declared,"depth,kline,subscribe_public_stream,ticker,trade","accounts_cross,match_orders_cross,orders_cross,positions_cross,spot_accounts,spot_fills,spot_orders,subscribe_private_stream,subscribe_public_stream",depth,,,,否,缺推流间隔证据,缺推流间隔；缺档位,crates/rustcta-exchange-gateway/src/adapters/htx/endpoint_mapping.yaml,docs/交易所网关/适配器/htx_adapter.md,运行,运行,运行,运行,运行,运行,-,运行,-,-,运行,运行,运行,运行,运行,运行
huobi,"perpetual,spot",声明,声明,,declared,declared,"depth,kline,ticker,trade","accounts_cross,match_orders_cross,orders_cross,positions_cross,spot_accounts,spot_fills,spot_orders",depth,,,,否,缺推流间隔证据,缺推流间隔；缺档位,crates/rustcta-exchange-gateway/src/adapters/huobi/endpoint_mapping.yaml,docs/交易所网关/适配器/huobi_adapter.md,映射,映射,映射,-,-,映射,-,映射,-,-,-,-,-,映射,映射,映射
hyperliquid,perpetual,未声明,声明,需核验现货,native,native_when_wallet_configured,"activeAssetCtx,allMids,bbo,candle,l2Book,trades","orderUpdates,userEvents,userFills,userFundings,userNonFundingLedgerUpdates","bbo,l2Book",,"1,2",,是,缺推流间隔证据,缺推流间隔,crates/rustcta-exchange-gateway/src/adapters/hyperliquid/endpoint_mapping.yaml,docs/交易所网关/适配器/hyperliquid_adapter.md,运行,运行,运行,运行,-,运行,-,运行,-,-,-,-,-,-,运行,运行
independentreserve,spot,声明,未声明,需核验/确认交易所不支持合约,spec_only,spec_only,"orderbook,trade","account,order,trade",orderbook,,,,否,缺推流间隔证据,缺推流间隔；缺档位,crates/rustcta-exchange-gateway/src/adapters/independentreserve/endpoint_mapping.yaml,docs/交易所网关/适配器/independentreserve_adapter.md,组合,映射,映射,-,组合,映射,-,映射,-,-,-,-,-,映射,映射,映射
indodax,spot,声明,未声明,需核验/确认交易所不支持合约,未声明,未声明,,,,,,,否,公共WS未接入/未声明,公共WS未声明,crates/rustcta-exchange-gateway/src/adapters/indodax/endpoint_mapping.yaml,docs/交易所网关/适配器/indodax_adapter.md,运行,运行,运行,-,-,运行,运行,不支持,-,-,不支持,运行,-,运行,运行,运行
kraken,"perpetual,spot",声明,声明,,native,native,"subscribe_public_stream_perpetual,subscribe_public_stream_spot","subscribe_private_stream_perpetual,subscribe_private_stream_spot,subscribe_public_stream_perpetual,subscribe_public_stream_spot",,,,,否,缺推流间隔证据,缺订单簿channel；缺推流间隔；缺档位,crates/rustcta-exchange-gateway/src/adapters/kraken/endpoint_mapping.yaml,docs/交易所网关/适配器/kraken_adapter.md,运行,运行,运行,-,运行,运行,运行,运行,-,-,运行,运行,运行,运行,运行,运行
krakenfutures,perpetual,未声明,声明,需核验现货,native,native,,,,,,,否,缺推流间隔证据,缺订单簿channel；缺推流间隔；缺档位,crates/rustcta-exchange-gateway/src/adapters/krakenfutures/endpoint_mapping.yaml,docs/交易所网关/适配器/krakenfutures_adapter.md,运行,运行,运行,运行,-,运行,-,运行,-,-,-,-,运行,运行,运行,运行
kucoin,spot,声明,未声明,需核验/确认交易所不支持合约,native,native,,,,,"2,50",,否,缺推流间隔证据,缺订单簿channel；缺推流间隔,crates/rustcta-exchange-gateway/src/adapters/kucoin/endpoint_mapping.yaml,docs/交易所网关/适配器/kucoin_adapter.md,运行,运行,运行,-,-,运行,-,运行,运行,-,-,-,运行,运行,运行,运行
kucoinfutures,perpetual,未声明,声明,需核验现货,native,native,,,,,"2,50",,否,缺推流间隔证据,缺订单簿channel；缺推流间隔,crates/rustcta-exchange-gateway/src/adapters/kucoinfutures/endpoint_mapping.yaml,docs/交易所网关/适配器/kucoinfutures_adapter.md,运行,运行,运行,运行,运行,运行,-,运行,-,-,-,-,运行,运行,运行,运行
latoken,spot,声明,未声明,需核验/确认交易所不支持合约,unsupported,unsupported,,,,,,,否,公共WS未接入/未声明,公共WS不支持/未接入,crates/rustcta-exchange-gateway/src/adapters/latoken/endpoint_mapping.yaml,docs/交易所网关/适配器/latoken_adapter.md,运行,运行,不支持,-,-,不支持,-,不支持,-,-,-,-,不支持,-,不支持,不支持
lbank,"perpetual,spot",声明,声明,,native,spot_only_with_subscribe_key,"candles,depth,kbar,order_book_snapshot,tick,ticker,trade,trades","assetUpdate,balances,orderUpdate,orders","depth,order_book_snapshot",,1,,是,缺推流间隔证据,缺推流间隔,crates/rustcta-exchange-gateway/src/adapters/lbank/endpoint_mapping.yaml,docs/交易所网关/适配器/lbank_adapter.md,运行,运行,运行,运行,运行,运行,运行,运行,不支持,-,运行,运行,运行,运行,运行,运行
lighter,perpetual,未声明,声明,需核验现货,parser_only,unsupported,"{'order_book': {'path': 'order_book/{MARKET_INDEX}', 'support': 'parser_only', 'resync': 'resubscribe_snapshot', 'checksum': 'unsupported'}, 'ticker': {'path': 'ticker/{MARKET_INDEX}', 'support': 'parser_only'}, 'trade': {'path': 'trade/{MARKET_INDEX}', 'support': 'parser_only'}, 'market_stats': {'path': 'market_stats/{MARKET_INDEX}', 'support': 'parser_only'}}","{'account_orders': {'support': 'unsupported_unverified', 'auth': 'bearer', 'reason': 'lighter.private_stream_session_spec_only'}, 'account_all_trades': {'support': 'unsupported_unverified', 'auth': 'bearer', 'reason': 'lighter.private_stream_session_spec_only'}, 'account_all_positions': {'support': 'unsupported_unverified', 'auth': 'bearer', 'reason': 'lighter.private_stream_session_spec_only'}}","{'order_book': {'path': 'order_book/{MARKET_INDEX}', 'support': 'parser_only', 'resync': 'resubscribe_snapshot', 'checksum': 'unsupported'}, 'ticker': {'path': 'ticker/{MARKET_INDEX}', 'support': 'parser_only'}, 'trade': {'path': 'trade/{MARKET_INDEX}', 'support': 'parser_only'}, 'market_stats': {'path': 'market_stats/{MARKET_INDEX}', 'support': 'parser_only'}}",,,,否,缺推流间隔证据,缺推流间隔；缺档位,crates/rustcta-exchange-gateway/src/adapters/lighter/endpoint_mapping.yaml,docs/交易所网关/适配器/lighter_adapter.md,离线,离线,-,不支持,-,不支持,-,不支持,不支持,-,-,不支持,不支持,-,不支持,不支持
luno,spot,声明,未声明,需核验/确认交易所不支持合约,native,spec_only,,,,,,,否,缺推流间隔证据,缺订单簿channel；缺推流间隔；缺档位,crates/rustcta-exchange-gateway/src/adapters/luno/endpoint_mapping.yaml,docs/交易所网关/适配器/luno_adapter.md,运行,运行,映射,-,映射,离线,-,离线,-,-,-,-,-,映射,映射,映射
mango_markets,"margin,perpetual",未声明,声明,需核验现货,spec_only,unsupported,"accountSubscribe,public_account_subscribe","accountSubscribe,private_user_events,public_account_subscribe",,,,,否,缺推流间隔证据,缺订单簿channel；缺推流间隔；缺档位,crates/rustcta-exchange-gateway/src/adapters/mango_markets/endpoint_mapping.yaml,docs/交易所网关/适配器/mango_markets_adapter.md,离线,不支持,不支持,不支持,-,不支持,-,不支持,-,-,不支持,不支持,不支持,-,不支持,不支持
mercado,spot,声明,未声明,需核验/确认交易所不支持合约,payload_helper,unsupported,"orderbook,ticker,trades",,orderbook,,,,否,缺推流间隔证据,缺推流间隔；缺档位,crates/rustcta-exchange-gateway/src/adapters/mercado/endpoint_mapping.yaml,docs/交易所网关/适配器/mercado_adapter.md,离线,离线,离线,-,-,离线,-,离线,-,-,-,-,-,-,离线,离线
mexc,spot,声明,未声明,需核验/确认交易所不支持合约,unsupported,unsupported,,,,,,,否,公共WS未接入/未声明,公共WS不支持/未接入,crates/rustcta-exchange-gateway/src/adapters/mexc/endpoint_mapping.yaml,docs/交易所网关/适配器/mexc_adapter.md,运行,运行,运行,-,运行,运行,运行,运行,-,-,-,-,运行,运行,运行,运行
modetrade,perpetual,未声明,声明,需核验现货,spec_only,unsupported,"public_orderbook_delta,{symbol}@orderbookupdate","executionreport/account,private_user_events,public_orderbook_delta,{symbol}@orderbookupdate","public_orderbook_delta,{symbol}@orderbookupdate",200ms,,200,否,慢速盘口/需评估,缺档位,crates/rustcta-exchange-gateway/src/adapters/modetrade/endpoint_mapping.yaml,docs/交易所网关/适配器/modetrade_adapter.md,运行,离线,不支持,不支持,-,不支持,-,不支持,-,-,不支持,不支持,不支持,-,不支持,不支持
myokx,spot,声明,未声明,需核验/确认交易所不支持合约,payload_spec,auth_payload_shape_only,"books,books5,candle1m,tickers,trades",,"books,books5",,,,否,缺推流间隔证据,缺推流间隔；缺档位,crates/rustcta-exchange-gateway/src/adapters/myokx/endpoint_mapping.yaml,docs/交易所网关/适配器/myokx_adapter.md,映射,映射,不支持,-,不支持,不支持,不支持,不支持,不支持,-,-,-,不支持,不支持,不支持,不支持
ndax,spot,声明,未声明,需核验/确认交易所不支持合约,payload_helper,payload_helper_only,"SubscribeLevel2,SubscribeTicker,SubscribeTrades",,,,2,,否,缺推流间隔证据,缺订单簿channel；缺推流间隔,crates/rustcta-exchange-gateway/src/adapters/ndax/endpoint_mapping.yaml,docs/交易所网关/适配器/ndax_adapter.md,原生,原生,离线,-,-,离线,-,离线,-,-,-,-,-,离线,离线,离线
novadax,spot,声明,未声明,需核验/确认交易所不支持合约,payload_helper,unsupported,"MARKET.{symbol}.DEPTH,MARKET.{symbol}.TICKER,MARKET.{symbol}.TRADE",,MARKET.{symbol}.DEPTH,,,,否,缺推流间隔证据,缺推流间隔；缺档位,crates/rustcta-exchange-gateway/src/adapters/novadax/endpoint_mapping.yaml,docs/交易所网关/适配器/novadax_adapter.md,离线,离线,离线,-,-,离线,-,离线,-,-,离线,离线,离线,离线,离线,离线
okx,spot,声明,未声明,需核验/确认交易所不支持合约,unsupported,unsupported,,,,,,,否,公共WS未接入/未声明,公共WS不支持/未接入,crates/rustcta-exchange-gateway/src/adapters/okx/endpoint_mapping.yaml,docs/交易所网关/适配器/okx_adapter.md,映射,映射,映射,-,映射,映射,映射,映射,映射,-,-,-,映射,映射,映射,映射
okxus,spot,声明,未声明,需核验/确认交易所不支持合约,spec_only,unsupported,"books5,candle1m,tickers,trades",,books5,,,,否,缺推流间隔证据,缺推流间隔；缺档位,crates/rustcta-exchange-gateway/src/adapters/okxus/endpoint_mapping.yaml,docs/交易所网关/适配器/okxus_adapter.md,映射,映射,不支持,不支持,不支持,不支持,不支持,不支持,不支持,-,-,-,不支持,不支持,不支持,不支持
onetrading,spot,声明,未声明,需核验/确认交易所不支持合约,spec_only,unsupported_unverified,,,,,,,是,缺推流间隔证据,缺订单簿channel；缺推流间隔；缺档位,crates/rustcta-exchange-gateway/src/adapters/onetrading/endpoint_mapping.yaml,docs/交易所网关/适配器/onetrading_adapter.md,运行,运行,离线,-,离线,离线,-,离线,-,-,-,-,离线,离线,离线,离线
orangex,"perpetual,spot",声明,声明,,spec_only,spec_only,,,,100ms,,100,否,百毫秒盘口候选,缺订单簿channel；缺档位,crates/rustcta-exchange-gateway/src/adapters/orangex/endpoint_mapping.yaml,docs/交易所网关/适配器/orangex_adapter.md,映射,映射,映射,映射,映射,映射,映射,映射,-,-,映射,映射,映射,映射,映射,映射
oxfun,"option,perpetual",未声明,声明,需核验现货,spec_only,spec_only,"candles,depthUpdate,depthUpdate:<marketCode>,login,market,market:all,text:ping,ticker,trade,ws_depth_update,ws_heartbeat,ws_login,ws_market_snapshot","depthUpdate:<marketCode>,login,market:all,text:ping,ws_depth_update,ws_heartbeat,ws_login,ws_market_snapshot","depthUpdate,depthUpdate:<marketCode>,ws_depth_update",,,,否,缺推流间隔证据,缺推流间隔；缺档位,crates/rustcta-exchange-gateway/src/adapters/oxfun/endpoint_mapping.yaml,docs/交易所网关/适配器/oxfun_adapter.md,离线,离线,-,不支持,-,离线,-,离线,-,-,离线,-,-,-,-,-
p2b,spot,声明,未声明,需核验/确认交易所不支持合约,unsupported,unsupported,,,,"1s,60s",,1000,否,公共WS未接入/未声明,公共WS不支持/未接入,crates/rustcta-exchange-gateway/src/adapters/p2b/endpoint_mapping.yaml,docs/交易所网关/适配器/p2b_adapter.md,运行,运行,不支持,-,-,不支持,-,不支持,-,-,-,-,-,-,不支持,不支持
pacifica,perpetual,未声明,声明,需核验现货,spec_only,spec_only,"bbo,book,candle,mark_candle,prices,trades","account_order_updates,account_positions,account_trades","bbo,book",,1,,是,缺推流间隔证据,缺推流间隔,crates/rustcta-exchange-gateway/src/adapters/pacifica/endpoint_mapping.yaml,docs/交易所网关/适配器/pacifica_adapter.md,运行,运行,-,离线,-,离线,-,离线,-,-,-,-,离线,-,离线,-
paradex,"option,perpetual",未声明,声明,需核验现货,native,native_with_jwt,"bbo,markets_summary,order_book,trades","user.balance,user.orders,user.positions,user.trades","bbo,order_book",,1,,是,缺推流间隔证据,缺推流间隔,crates/rustcta-exchange-gateway/src/adapters/paradex/endpoint_mapping.yaml,docs/交易所网关/适配器/paradex_adapter.md,原生,原生,-,原生,-,离线,-,离线,-,-,-,-,-,-,原生,-
paymium,spot,声明,未声明,需核验/确认交易所不支持合约,未声明,未声明,,,,,,,否,公共WS未接入/未声明,公共WS未声明,crates/rustcta-exchange-gateway/src/adapters/paymium/endpoint_mapping.yaml,docs/交易所网关/适配器/paymium_adapter.md,运行,运行,-,-,-,不支持,-,不支持,-,-,-,-,-,-,不支持,-
phemex,"perpetual,spot",声明,声明,,native,native_when_credentials_configured,"kline.subscribe,kline_p.subscribe,orderbook.subscribe,orderbook_p.subscribe,perp_market24h_pack_p.subscribe,spot_market24h.subscribe,trade.subscribe,trade_p.subscribe","aop_p.subscribe,ras_p.subscribe,wo.subscribe","orderbook.subscribe,orderbook_p.subscribe","60s,20ms,100ms,120ms",,20,否,低延迟盘口候选,缺档位,crates/rustcta-exchange-gateway/src/adapters/phemex/endpoint_mapping.yaml,docs/交易所网关/适配器/phemex_adapter.md,运行,-,-,-,-,-,-,-,-,-,运行,运行,运行,-,运行,运行
poloniex,"perpetual,spot",声明,声明,,native,native,"{'spot': ['book_lv2', 'trades', 'ticker', 'candles_minute'], 'linear_perp': ['book_lv2', 'trades', 'tickers', 'candles_minute']}","{'spot': ['orders', 'balances'], 'linear_perp': ['orders', 'balances', 'account', 'positions']}","{'spot': ['book_lv2', 'trades', 'ticker', 'candles_minute'], 'linear_perp': ['book_lv2', 'trades', 'tickers', 'candles_minute']}",,,,否,缺推流间隔证据,缺推流间隔；缺档位,crates/rustcta-exchange-gateway/src/adapters/poloniex/endpoint_mapping.yaml,docs/交易所网关/适配器/poloniex_adapter.md,运行,运行,运行,运行,运行,运行,-,运行,运行,-,运行,运行,运行,运行,运行,运行
tapbit,"perpetual,spot",声明,声明,,spec_only,unsupported,,,,,,,否,缺推流间隔证据,缺订单簿channel；缺推流间隔；缺档位,crates/rustcta-exchange-gateway/src/adapters/tapbit/endpoint_mapping.yaml,docs/交易所网关/适配器/tapbit_adapter.md,运行,运行,运行,运行,-,运行,-,运行,-,-,运行,运行,-,运行,运行,运行
tokocrypto,spot,声明,未声明,需核验/确认交易所不支持合约,spec_only,request_spec_only,,,,,,,否,缺推流间隔证据,缺订单簿channel；缺推流间隔；缺档位,crates/rustcta-exchange-gateway/src/adapters/tokocrypto/endpoint_mapping.yaml,docs/交易所网关/适配器/tokocrypto_adapter.md,运行,运行,映射,-,-,映射,-,映射,-,-,-,-,-,映射,映射,映射
toobit,"perpetual,spot",声明,声明,,native,native,,,,,,,否,缺推流间隔证据,缺订单簿channel；缺推流间隔；缺档位,crates/rustcta-exchange-gateway/src/adapters/toobit/endpoint_mapping.yaml,docs/交易所网关/适配器/toobit_adapter.md,运行,运行,运行,-,-,运行,-,运行,-,-,运行,运行,-,-,-,运行
upbit,spot,声明,未声明,需核验/确认交易所不支持合约,native,native_specs_only,,,,,,,否,缺推流间隔证据,缺订单簿channel；缺推流间隔；缺档位,crates/rustcta-exchange-gateway/src/adapters/upbit/endpoint_mapping.yaml,docs/交易所网关/适配器/upbit_adapter.md,运行,运行,运行,-,运行,运行,-,运行,-,-,-,-,-,运行,运行,运行
wavesexchange,spot,声明,未声明,需核验/确认交易所不支持合约,spec_only,unsupported,,,,,,,否,缺推流间隔证据,缺订单簿channel；缺推流间隔；缺档位,crates/rustcta-exchange-gateway/src/adapters/wavesexchange/endpoint_mapping.yaml,docs/交易所网关/适配器/wavesexchange_adapter.md,运行,运行,不支持,不支持,不支持,不支持,-,不支持,不支持,-,不支持,不支持,不支持,不支持,不支持,不支持
weex,"perpetual,spot",声明,声明,,native,native_when_credentials_configured,,,,,15,,否,缺推流间隔证据,缺订单簿channel；缺推流间隔,crates/rustcta-exchange-gateway/src/adapters/weex/endpoint_mapping.yaml,docs/交易所网关/适配器/weex_adapter.md,-,-,-,-,-,-,-,-,-,-,-,-,-,-,-,-
whitebit,"perpetual,spot",声明,声明,,native,native,"candles_subscribe,depth_subscribe,ticker_subscribe,trades_subscribe","{'spot': ['ordersPending_subscribe', 'deals_subscribe', 'balanceSpot_subscribe'], 'linear_perp': ['ordersPending_subscribe', 'deals_subscribe', 'balanceMargin_subscribe', 'positionsMargin_subscribe']}",depth_subscribe,,1,,是,缺推流间隔证据,缺推流间隔,crates/rustcta-exchange-gateway/src/adapters/whitebit/endpoint_mapping.yaml,docs/交易所网关/适配器/whitebit_adapter.md,运行,运行,运行,运行,运行,运行,运行,运行,不支持,-,运行,运行,运行,运行,运行,运行
woo,"perpetual,spot",声明,声明,,native,native,,,,,10,,否,缺推流间隔证据,缺订单簿channel；缺推流间隔,crates/rustcta-exchange-gateway/src/adapters/woo/endpoint_mapping.yaml,docs/交易所网关/适配器/woo_adapter.md,运行,运行,运行,-,-,运行,-,运行,-,-,运行,运行,-,-,-,运行
woofipro,perpetual,未声明,声明,需核验现货,spec_only,unsupported,"public_builder_ticker,public_orderbook_delta,woofi_pro${symbol}@ticker,{symbol}@orderbookupdate","executionreport/account,private_user_events,public_builder_ticker,public_orderbook_delta,woofi_pro${symbol}@ticker,{symbol}@orderbookupdate","public_orderbook_delta,{symbol}@orderbookupdate",200ms,,200,否,慢速盘口/需评估,缺档位,crates/rustcta-exchange-gateway/src/adapters/woofipro/endpoint_mapping.yaml,docs/交易所网关/适配器/woofipro_adapter.md,运行,运行,运行,运行,不支持,运行,-,运行,运行,-,运行,运行,运行,运行,运行,运行
xt,"perpetual,spot",声明,声明,,parser_only,parser_only,,,,1000ms,,1000,否,慢速盘口/需评估,缺订单簿channel；缺档位,crates/rustcta-exchange-gateway/src/adapters/xt/endpoint_mapping.yaml,docs/交易所网关/适配器/xt_adapter.md,运行,运行,运行,运行,运行,运行,映射,运行,运行,不支持,运行,运行,运行,运行,运行,运行
yobit,spot,声明,未声明,需核验/确认交易所不支持合约,unsupported,unsupported,,,,,,,否,公共WS未接入/未声明,公共WS不支持/未接入,crates/rustcta-exchange-gateway/src/adapters/yobit/endpoint_mapping.yaml,docs/交易所网关/适配器/yobit_adapter.md,运行,运行,不支持,-,-,不支持,-,不支持,-,-,-,-,-,不支持,不支持,不支持
zaif,spot,声明,未声明,需核验/确认交易所不支持合约,native,unsupported,{'all_market_events': '?currency_pair={currency_pair}'},,,,,,否,缺推流间隔证据,缺订单簿channel；缺推流间隔；缺档位,crates/rustcta-exchange-gateway/src/adapters/zaif/endpoint_mapping.yaml,docs/交易所网关/适配器/zaif_adapter.md,运行,运行,映射,-,-,映射,-,映射,-,-,-,-,-,-,映射,映射
zebpay,spot,声明,未声明,需核验/确认交易所不支持合约,unsupported,unsupported,,,,,,,否,公共WS未接入/未声明,公共WS不支持/未接入,crates/rustcta-exchange-gateway/src/adapters/zebpay/endpoint_mapping.yaml,docs/交易所网关/适配器/zebpay_adapter.md,运行,运行,不支持,-,-,不支持,-,不支持,-,-,-,-,不支持,-,不支持,不支持
zeta_markets,perpetual,未声明,声明,需核验现货,unsupported,unsupported,,"private_user_events,public_orderbook_delta,solana_account_subscription,solana_margin_account",,,,,否,公共WS未接入/未声明,公共WS不支持/未接入,crates/rustcta-exchange-gateway/src/adapters/zeta_markets/endpoint_mapping.yaml,docs/交易所网关/适配器/zeta_markets_adapter.md,运行,运行,不支持,不支持,-,不支持,-,不支持,-,-,不支持,不支持,不支持,-,不支持,不支持
