priority,category,adapter,product_line,official_status,project_status,required_work,source
P0,public_ws,binance,spot,"官方支持 partial depth/diff depth/bookTicker，partial depth 100ms/1000ms，5/10/20 档","public_ws=unsupported","补 Spot depth/bookTicker stream mapping、parser、fixture、REST snapshot + delta 重建","WebSocket官方核验_P0_第一批.md"
P0,public_ws,okx,spot/swap/futures/option,"官方支持 bbo-tbt/books5/books/books-l2-tbt/books50-l2-tbt，10ms/100ms","public_ws=unsupported","补 books5 和 bbo-tbt；VIP/登录限制频道单独标注；补 checksum/seq","WebSocket官方核验_P0_第一批.md"
P0,public_ws,bitget,spot,"官方支持 books/books1/books5/books15，books1 10ms，其余常规 200ms","public_ws=unsupported","补 books1/books5/books15、CRC32 checksum、parser fixture","WebSocket官方核验_P0_第一批.md"
P0,public_ws,gateio,spot,"官方支持 spot.order_book_update，20ms/20 档或 100ms/100 档","public_ws=unsupported","补 spot.order_book_update mapping、parser、sequence/checksum 细节","WebSocket官方核验_P0_第一批.md"
P0,public_ws,mexc,spot,"官方支持 aggregated depth/partial depth/bookTicker，10ms/100ms，5/10/20 档","public_ws=unsupported","补 10ms depth/bookTicker、fromVersion/toVersion 和 snapshot 重建","WebSocket官方核验_P0_第一批.md"
P0,public_ws,binanceus,spot,"官方支持 bookTicker/partial depth/diff depth，100ms/1000ms，5/10/20 档","public_ws=unsupported","按 Binance Spot 同类补 stream mapping、parser、snapshot 重建","WebSocket官方核验_P0_第二批.md"
P0,public_ws,binancecoinm,coin-m futures/perpetual,"官方支持 partial depth/diff depth，100ms/250ms/500ms，5/10/20 档","public_ws=unsupported","补 COIN-M depth stream parser、U/u/pu、REST snapshot 重建","WebSocket官方核验_P0_第二批.md"
P0,public_ws,bybit,spot/linear/inverse/option,"官方支持 orderbook.{depth}.{symbol}，1=10ms、50=20ms、200=100ms、1000=200ms","public_ws=spec_only","补 interval/depth/seq/snapshot 字段，再接 runtime parser","WebSocket官方核验_P0_第一批.md"
P0,public_ws,kucoin,spot/futures,"官方支持 BBO、5/50 档、increment；5/50 为 100ms，BBO/increment real-time；2026-06-17 UTC 将上线 UTA depth=increment@10ms 500 档","public_ws=native，但缺结构化细项","补 obu channel、depth、interval、sequence；2026-06-17 后补 increment@10ms 500 档迁移","WebSocket官方核验_P0_第一批.md"
P0,public_ws,htx,spot/usdt-m swap,"官方支持 Spot MBP/BBO 和 USDT-M 高频 depth；Spot mbp.refresh 约 100ms，合约高频每 30ms 检查","public_ws=declared/parser evidence","补 mbp.refresh、depth.size_20.high_freq、seqNum/prevSeqNum/version","WebSocket官方核验_P0_第二批.md"
P0,public_ws,huobi,spot/usdt-m swap,"官方支持 Spot MBP/BBO 和 USDT-M 高频 depth；Spot mbp.refresh 约 100ms，合约高频每 30ms 检查","public_ws=declared/parser evidence","与 htx 保持同源 mapping，补低延迟盘口结构化字段","WebSocket官方核验_P0_第二批.md"
P0,public_ws,lbank,spot,"官方支持 depth WS，10/50/100 档，官方未给固定 ms","public_ws=native，但缺 interval/sequence 说明","补 depth=10/50/100、官方未给固定 ms、无 sequence/checksum 风险","WebSocket官方核验_P0_第二批.md"
P0,public_ws,coinw,spot/futures,"官方支持 Spot 20/100 档 snapshot 和增量；Futures 默认 100 买档/100 卖档","public_ws=parser_only","补 depth_snapshot/depth、seq/startSeq/endSeq；Futures 标明未见 sequence/checksum","WebSocket官方核验_P0_第二批.md"
P0,product_line,binance,usd-m futures,"官方支持 USD-M Futures","当前没有 binanceusdm adapter","新建或合并 USD-M adapter；补 REST/WS/order/account/position mapping","产品线官方核验_P0_主流交易所.md"
P0,product_line,binance,options,"官方支持 Options","当前没有 binanceoption adapter","决定是否纳入网关范围；若纳入，补 Options adapter 和能力矩阵","产品线官方核验_P0_主流交易所.md"
P0,product_line,okx,swap/futures/options,"官方支持 Swap/Futures/Options","当前 okx 只接 Spot","补 OKX Swap/Futures/Options endpoint mapping、position/account/order/WS","产品线官方核验_P0_主流交易所.md"
P0,product_line,bitget,futures,"官方支持 Futures","当前 bitget 只接 Spot","补 Bitget Futures adapter 或扩展现有 adapter；优先 public/private WS 和下单撤单","产品线官方核验_P0_主流交易所.md"
P0,product_line,gateio,perpetual/delivery/options,"官方支持 Perpetual/Delivery/Options","当前 gateio 只接 Spot","补 futures/options 产品线 mapping；先补 perpetual depth/order/account","产品线官方核验_P0_主流交易所.md"
P0,product_line,mexc,contract/futures,"官方支持 Contract API","当前 mexc 只接 Spot","补 MEXC Contract adapter/mapping、合约 WS、仓位/下单/撤单","产品线官方核验_P0_主流交易所.md"
P1,public_ws_struct,backpack,spot/perp,"官方支持 bookTicker、实时 depth、200/600/1000ms 聚合 depth，有 U/u","public_ws=parser_only，缺 interval","补 depth interval、REST snapshot + update id 重建","WebSocket官方核验_P1_第三批.md"
P1,public_ws_struct,bitmex,perpetual/spot,"官方支持 orderBookL2_25/orderBook10/orderBookL2/quote；orderBookL2_25 为 100ms","public_ws=native，缺 interval","补 25/10/full channel、100ms、table diff 重建规则","WebSocket官方核验_P1_第三批.md"
P1,public_ws_struct,deribit,futures/perpetual/option,"官方支持 book.{instrument}.{group}.{depth}.{interval}；depth 1/10/20，interval 100ms/agg2","public_ws=native，缺 channel/depth","补 channel/depth/group/change_id 结构化字段","WebSocket官方核验_P1_第三批.md"
P1,public_ws_struct,orangex,spot/perpetual,"当前官方文档支持 book.{instrument}.raw，未见固定 100ms","public_ws=spec_only，矩阵有 100ms 旧证据","复核 100ms 来源；以当前 raw/change_id 重建规则为准","WebSocket官方核验_P1_第三批.md"
P1,public_ws_struct,whitebit,spot/perpetual,"官方支持 depth_subscribe；变化时 100ms；10s 无变化推 full snapshot","public_ws=native，缺 interval","补 100ms、limit、update_id/past_update_id、断档重订阅","WebSocket官方核验_P1_第三批.md"
P1,public_ws_struct,woo,spot/perpetual,"官方支持 orderbook 1s/100 levels、orderbookupdate 200ms、bbo 10ms","public_ws=native，缺 channel/interval","补 10ms BBO、200ms orderbookupdate、100 levels、prevTs 风险","WebSocket官方核验_P1_第三批.md"
P1,public_ws_struct,kraken,spot/futures,"Spot book 支持 depth 10/25/100/500/1000 和 CRC32；Futures book 有 seq","public_ws=native，缺 channel/depth/seq","分清 Spot/Futures；补 checksum/seq、depth、无固定 ms","WebSocket官方核验_P1_第三批.md"
P1,public_ws_struct,coinbase,advanced trade/intx,"Advanced Trade 支持 level2；官方未给固定 book ms","public_ws=native，缺 channel/interval","补 Advanced Trade level2 和 heartbeat；不要和 Exchange level2 混用","WebSocket官方核验_P1_第三批.md"
P1,public_ws_struct,coinbaseexchange,spot,"Coinbase Exchange 支持 level2、level2_batch 50ms、level3/full","public_ws=native，缺 channel/interval","补 level2_batch 50ms、full book、sequence 边界","WebSocket官方核验_P1_第三批.md"
P3,public_ws_struct,bitbank,spot,"官方支持 depth_diff/depth_whole；whole 正常模式 200 asks/200 bids；官方未给固定 ms","public_ws=native，缺 channel/interval/depth","补 Socket.IO join-room、depth_diff/depth_whole、200 档、非连续 sequence 和 whole/diff 重建","WebSocket官方核验_P2_区域现货交易所.md"
P3,public_ws_struct,bithumb,spot,"官方支持 orderbook Public WS；snapshot/realtime 开关；官方未给固定 ms","public_ws=native，缺 channel/interval/depth","补 orderbook request、snapshot/realtime、level 聚合说明、无 sequence/checksum 风险","WebSocket官方核验_P2_区域现货交易所.md"
P3,public_ws_struct,bitopro,spot,"官方 order book stream 更新时每秒推全量；默认 5 档，可选 1/5/10/20/30/50","public_ws=native，缺 interval/depth","补 1s、limit 1/5/10/20/30/50、snapshot-only 和无 sequence 风险","WebSocket官方核验_P2_区域现货交易所.md"
P3,public_ws_struct,bitso,spot,"官方支持 orders top20 和 diff-orders；diff-orders sequence 严格递增","public_ws=payload_helper，缺 channel/interval/depth","补 orders/diff-orders、top20、REST order_book + sequence replay","WebSocket官方核验_P2_区域现货交易所.md"
P3,public_ws_struct,btcmarkets,spot,"官方 WS v2 支持 orderbook；最新 book state 最多 50 bids/50 asks；未给固定 ms","public_ws=spec_only，缺 interval/depth","补 50 档、heartbeat 5s、无 sequence/checksum 的最新快照语义","WebSocket官方核验_P2_区域现货交易所.md"
P3,public_ws_struct,coincheck,spot,"官方支持 [pair]-orderbook；发生交易时约 0.1s 推送；未给固定 depth","public_ws=native，缺 interval/depth","补 0.1s、orderbook diff、无 sequence/checksum、REST snapshot 兜底","WebSocket官方核验_P2_区域现货交易所.md"
P3,public_ws_struct,coinone,spot,"官方 ORDERBOOK 首次推最后订单簿，之后有变更才推；未给固定 ms/depth","public_ws=spec_only，缺 interval/depth","补 ORDERBOOK topic、首包 snapshot、order book id、无 checksum 风险","WebSocket官方核验_P2_区域现货交易所.md"
P3,public_ws_struct,independentreserve,spot,"官方支持 orderbook-{crypto} 事件流；Nonce 严格递增；heartbeat 当前 60s","public_ws=spec_only，缺 interval/depth","补 Subscribe/query 订阅、NewOrder/OrderChanged/OrderCanceled、Nonce 丢包重建","WebSocket官方核验_P2_区域现货交易所.md"
P3,public_ws_struct,luno,spot,"官方 market stream 先推当前订单簿，再尽快推 updates；需要 API key credentials","public_ws=native，缺 channel/interval/depth","补 wss://ws.luno.com/api/1/stream/:pair、sequence、全量初始 book、错序重连","WebSocket官方核验_P2_区域现货交易所.md"
P3,public_ws_struct,upbit,spot,"官方 orderbook WS 支持 1/5/15/30 units；官方未给固定 ms","public_ws=native，缺 channel/interval/depth","补 region URL、orderbook {code}.{count}、1/5/15/30、无 sequence/checksum 风险","WebSocket官方核验_P2_区域现货交易所.md"
P3,public_ws_struct,bitfinex,spot/margin/perpetual,"官方支持 book WS：freq F0 realtime/F1 2s，len 1/25/100/250，prec P0-P4，可选 checksum/sequence/bulk","public_ws=spec_only，缺 channel/interval/depth","补 book channel、prec/freq/len、OB_CHECKSUM/SEQ_ALL、snapshot/update 重建","WebSocket官方核验_P4_CEX盘口细项.md"
P3,public_ws_struct,bitflyer,spot/cfd_fx,"官方支持 lightning_board_snapshot 与 lightning_board；JSON-RPC over WS；官方未给固定 ms/depth","public_ws=native，缺 channel/interval/depth","补 snapshot+diff channel、无固定 ms/depth、无 sequence/checksum、REST getboard 重建","WebSocket官方核验_P4_CEX盘口细项.md"
P3,public_ws_struct,bitmart,spot,"官方支持 depth5/20/50 500ms、depth/increase100 100ms、bookTicker BBO real-time","public_ws=spec_only，缺 channel/interval","补 spot/depth/increase100、spot/depth5/20/50、bookTicker、version 断档重建","WebSocket官方核验_P4_CEX盘口细项.md"
P3,public_ws_struct,bitstamp,spot,"官方 WebSocket v2 real-time；项目已记录 order_book/diff_order_book；官方可抓取资料未给固定 ms/depth","public_ws=declared，缺 interval/depth","补无固定 ms/depth、REST order_book 和 order_data gap recovery 风险字段","WebSocket官方核验_P4_CEX盘口细项.md"
P3,public_ws_struct,bitvavo,spot,"官方 book subscription 变化推送；nonce 顺序重建；官方未给固定 ms，book event 不限制深度","public_ws=native，缺 interval/depth","补 book channel、nonce +1 校验、snapshot depth 初始化和无 checksum 风险","WebSocket官方核验_P4_CEX盘口细项.md"
P3,public_ws_struct,cryptocom,spot/perpetual,"官方 book.{instrument}.{depth} 支持 delta 10/100ms，depth 10/50，u/pu 断档重订阅","public_ws=native，缺 interval/depth","补 10ms/100ms、10/50 档、SNAPSHOT_AND_UPDATE、u/pu sequence 重建","WebSocket官方核验_P4_CEX盘口细项.md"
P3,public_ws_struct,phemex,spot/perpetual,"官方 orderbook.subscribe/orderbook_p.subscribe 支持约 20ms，depth 0/1/5/10/30，sequence","public_ws=native，缺 interval/depth","补 20ms/120ms/full 100ms、depth 0/1/5/10/30、60s snapshot 自校验","WebSocket官方核验_P4_CEX盘口细项.md"
P3,public_ws_struct,poloniex,spot/perpetual,"官方 Spot/Futures V3 支持 book_lv2；real time；20 level；id/lastId 或 id/lid 断档规则","public_ws=native，缺 interval/depth","补 20 档、real-time、spot lastId/futures lid、重订阅重建","WebSocket官方核验_P4_CEX盘口细项.md"
P3,public_ws_struct,coinex,spot,"官方 depth.subscribe 推送约 200ms，limit 5/10/20/50，支持 checksum 和 full/incremental","public_ws=native，缺 channel/interval/depth","补 depth.subscribe、200ms、limit、merge interval、signed CRC32 checksum","WebSocket官方核验_P4_CEX盘口细项.md"
P3,public_ws_struct,coinmate,spot,"官方 public WS demo 支持 order_book-{PAIR}；未给固定 ms/depth/sequence/checksum","public_ws=payload_helper，缺 interval/depth","补 order_book-{PAIR}、无固定 ms/depth、无 sequence/checksum、REST snapshot fallback","WebSocket官方核验_P4_CEX盘口细项.md"
P3,public_ws_struct,coinmetro,spot,"官方 WS pairs query 支持 bookUpdate，含 seqNumber 和 CRC32 checksum；tick 始终含 ask/bid","public_ws=native，缺 interval/depth","补 pairs query、bookUpdate checksum/seqNumber、tick BBO、无固定 ms/depth","WebSocket官方核验_P4_CEX盘口细项.md"
P3,public_ws_struct,coindcx,spot/futures,"官方 Socket.IO 支持 depth-update；现货示例 B-BTC_USDT@orderbook@20；项目记录 @50 spot/futures","public_ws=declared，缺 depth 细项","补 Socket.IO join、20/50 depth 边界、无固定 ms/sequence/checksum、REST snapshot 重建","WebSocket官方核验_P4_CEX盘口细项.md"
P2,explicit_unsupported,binancecoinm,spot,"COIN-M API 不提供现货","当前未声明 Spot","单交易所文档写交易所不支持现货；现货走 binance","产品线官方核验_P0_主流交易所.md"
P2,explicit_unsupported,kucoinfutures,spot,"KuCoin Futures API 不提供现货","当前未声明 Spot","单交易所文档写交易所不支持现货；现货走 kucoin","产品线官方核验_P0_主流交易所.md"
P2,explicit_unsupported,krakenfutures,spot,"Kraken Futures API 不提供现货","当前未声明 Spot","单交易所文档写交易所不支持现货；现货走 kraken","产品线官方核验_P0_主流交易所.md"
P2,explicit_unsupported,coinbaseexchange,contract,"Coinbase Exchange API 是 spot exchange API","当前未声明合约","单交易所文档写交易所不支持合约；永续走 coinbase INTX","产品线官方核验_P0_主流交易所.md"
P2,explicit_unsupported,binanceus,contract,"本轮官方 API 资料只见 Spot/Wallet/User Data Stream","当前未声明合约","单交易所文档写交易所不支持合约，并标后续如官方开放需重核","产品线官方核验_P0_主流交易所.md"
P2,explicit_unsupported,cod3x,spot,"Cod3x 是 AI perps trading terminal；未见 Cod3x-native 现货 exchange API","当前未声明 Spot","单交易所文档写交易所不支持现货；下游 Hyperliquid/GMX/Lighter 不并入 Cod3x adapter","产品线官方核验_P1_链上合约交易所.md"
P2,explicit_unsupported,derive_chain_perps,spot,"该 adapter 是 Derive Chain perpetual settlement/profile，不重复 Derive 平台 spot","当前未声明 Spot","单交易所文档按 profile 写交易所不支持现货；Derive 其他产品线走 derive 或后续任务","产品线官方核验_P1_链上合约交易所.md"
P2,explicit_unsupported,equation,spot,"Equation V3 官方定位为 perpetual protocol / Perpetual DEX","当前未声明 Spot","单交易所文档写交易所不支持现货","产品线官方核验_P1_链上合约交易所.md"
P2,explicit_unsupported,zeta_markets,spot/trading/runtime,"Zeta Markets 官方说明已于 2025-05 停止运营","当前未声明 Spot；WS/trading unsupported","单交易所文档写交易所不支持现货，并写不支持当前交易/私有接口/公共 WS runtime","产品线官方核验_P1_链上合约交易所.md"
P2,explicit_unsupported,aark,spot,"Aark Perpetual Mode 是 Orderly-powered decentralized perpetual futures market","当前未声明 Spot","单交易所文档写交易所不支持现货","产品线官方核验_P1_链上合约交易所.md"
P2,explicit_unsupported,aftermath,spot,"Aftermath Perpetuals 是 Sui fully onchain perpetual futures exchange","当前未声明 Spot","单交易所文档按 aftermath perps adapter 写交易所不支持现货","产品线官方核验_P1_链上合约交易所.md"
P2,explicit_unsupported,d8x,spot,"D8X 官方定位为 institutional-grade perpetual futures engine","当前未声明 Spot","单交易所文档写交易所不支持现货","产品线官方核验_P1_链上合约交易所.md"
P2,explicit_unsupported,grvt,spot,"GRVT 当前公开交易主线为 perpetuals；spot 需等官方上线后重核","当前未声明 Spot","单交易所文档写交易所不支持现货；期权/传统资产合约另行补语义","产品线官方核验_P1_链上合约交易所.md"
P2,explicit_unsupported,hibachi,spot,"Hibachi 官方交易文档是 perpetual contract/orderbook/funding，未见现货订单生命周期","当前未声明 Spot","单交易所文档写交易所不支持现货","产品线官方核验_P1_链上合约交易所.md"
P2,explicit_unsupported,modetrade,spot,"Mode Trade 是 Mode Perpetuals DEX / Orderly EVM profile，未见 ModeTrade-native spot exchange API","当前未声明 Spot","单交易所文档写交易所不支持现货","产品线官方核验_P1_链上合约交易所.md"
P2,product_line,bsx,spot,"BSX 官方资料描述 spot and perpetuals exchange","当前只声明 perpetual","写项目未实现 Spot；决定是否新增 BSX Spot profile/adapter","产品线官方核验_P1_链上合约交易所.md"
P2,product_line,lighter,spot,"Lighter 官方 API/WebSocket 文档出现 spot market stats 和 spot market 结构","当前只声明 perpetual","写项目未实现 Spot；决定是否扩展 lighter spot market mapping","产品线官方核验_P1_链上合约交易所.md"
P2,product_line,mango_markets,spot/openbook,"Mango v4 一手技术资料包含 Spot/OpenBook 线索","当前只声明 margin/perpetual","写项目未实现 Spot/OpenBook；当前 adapter 不接入 spot","产品线官方核验_P1_链上合约交易所.md"
P2,product_line,apex,spot,"ApeX Omni API 出现 Spot account/wallet 线索","当前只声明 perpetual","写项目未实现 Spot；补 ApeX spot account/market/order lifecycle 前不要写交易所不支持","产品线官方核验_P2_衍生品交易所.md"
P2,product_line,apollox_dex,spot,"ApolloX spot API family 与 APX/ApolloX V1/V2 perpetual profile 分离","当前只声明 perpetual","写项目未实现 Spot/当前 adapter 不接 spot API family","产品线官方核验_P2_衍生品交易所.md"
P2,product_line,aster,spot,"Aster 官方有 Spot API 和 Futures API","当前只声明 perpetual","写项目未实现 Spot；决定是否新增 Aster Spot mapping","产品线官方核验_P2_衍生品交易所.md"
P2,product_line,blofin,spot,"BloFin 官方帮助中心和 Academy 明确有 spot trading","当前只声明 perpetual","写项目未实现 Spot；单独核验 Spot API 下单/撤单是否公开稳定","产品线官方核验_P2_衍生品交易所.md"
P2,product_line,delta,spot,"Delta 用户手册列出 Spot、Futures、Options、MOVE Options","当前只声明 futures/option/perpetual","写项目未实现 Spot；补 Delta spot 产品线前不要写交易所不支持","产品线官方核验_P2_衍生品交易所.md"
P2,product_line,deribit,spot,"Deribit API instrument kind 包含 spot，Support 列出 Spot Instruments","当前只声明 futures/option/perpetual","写项目未实现 Spot；补 spot instrument/orderbook/order lifecycle","产品线官方核验_P2_衍生品交易所.md"
P2,product_line,derive,spot,"Derive 官方 About 说明支持 options、perpetuals 和 spot trading","当前只声明 option/perpetual","写项目未实现 Spot；不要与 derive_chain_perps profile 混淆","产品线官方核验_P2_衍生品交易所.md"
P2,product_line,dydx,spot,"dYdX 2025-12-11 公告 Solana spot trading 已上线","当前只声明 perpetual","写项目未实现 Spot；核验 Solana spot API/前端 routing 是否进入 gateway","产品线官方核验_P2_衍生品交易所.md"
P2,product_line,hyperliquid,spot,"Hyperliquid 官方有 spotMeta/spot asset ctx 和 HIP-1 spot order books","当前只声明 perpetual","写项目未实现 Spot；补 spotMeta、spot asset ctx、spot order path/asset id 映射","产品线官方核验_P2_衍生品交易所.md"
P2,product_line,paradex,spot,"Paradex 官方交易页列出 Spot Trading","当前只声明 option/perpetual","写项目未实现 Spot；补 Paradex spot markets/order lifecycle","产品线官方核验_P2_衍生品交易所.md"
P2,explicit_unsupported,oxfun,spot,"OX.FUN 官方主线是 perpetual swaps/options-style scope，未见共享 Spot 订单生命周期","当前未声明 Spot","单交易所文档写交易所不支持现货","产品线官方核验_P2_衍生品交易所.md"
P2,explicit_unsupported,pacifica,spot,"Pacifica 官方 Contract Specifications 是 perpetual contracts","当前未声明 Spot","单交易所文档写交易所不支持现货；官方如上线 spot 再重核","产品线官方核验_P2_衍生品交易所.md"
P2,explicit_unsupported,woofipro,spot,"WOOFi Pro 是 Orderly-powered decentralized perpetual futures exchange/API；WOOFi Swap 不是共享 Spot 订单簿","当前未声明 Spot","按 woofipro profile 写交易所不支持现货；不要和 WOO X 或 WOOFi Swap 混用","产品线官方核验_P2_衍生品交易所.md"
P2,product_line,bitflyer,cfd/fx,"bitFlyer 官方 Market List 有 Spot 和 FX；Lightning FX 已由 Crypto CFD 继承","当前声明 margin,spot；未声明标准 futures/perpetual","写项目未实现标准 Futures/Perpetual，或保留 CFD/FX 作为 margin/adapter-specific 边界","产品线官方核验_P3_CEX合约边界.md"
P2,product_line,bitstamp,derivatives,"Bitstamp API 已加入 derivatives public/private endpoints、funding rate 和 derivatives trade history","当前只声明 spot","写项目未实现 Derivatives/Contracts；不能写交易所不支持合约","产品线官方核验_P3_CEX合约边界.md"
P2,product_line,coinex,futures,"CoinEx API v2 明确分 Spot 和 Futures REST/WS 模块","当前只声明 spot","写项目未实现 Futures；决定新增 futures profile 或扩展 adapter","产品线官方核验_P3_CEX合约边界.md"
P2,product_line,gemini,derivatives/perpetuals,"Gemini 官方 Derivatives REST 支持 perpetual contracts 和 derivatives-specific account operations","当前只声明 spot","写项目未实现 Derivatives/Perpetuals；注意区域限制","产品线官方核验_P3_CEX合约边界.md"
P2,product_line,hitbtc,futures/margin derivatives,"HitBTC API v3 有 futures margin account endpoints","当前只声明 spot","写项目未实现 Futures/Margin derivatives；当前 spot runtime 不接 futures","产品线官方核验_P3_CEX合约边界.md"
P2,product_line,kucoin,futures,"KuCoin 官方文档区分 Spot/Margin 与 Futures REST/WS；API 权限含 Futures","当前 kucoin adapter 只声明 spot；项目另有 kucoinfutures","kucoin 文档写合约走 kucoinfutures；不能写交易所不支持合约","产品线官方核验_P3_CEX合约边界.md"
P2,explicit_unsupported,bitvavo,contract,"Bitvavo 官方 API 当前是 Exchange REST/WS/FIX、Market Data Pro、Institutional APIs，未见 futures/perpetual/option 交易接口","当前只声明 spot","按当前官方 API 写交易所不支持合约；如官方上线 derivatives 需重核","产品线官方核验_P3_CEX合约边界.md"
P2,explicit_unsupported,cex,contract,"CEX.IO 当前公开交易文档是 Spot Trading REST/WS","当前只声明 spot","按当前 CEX.IO Spot Trading API 写交易所不支持合约","产品线官方核验_P3_CEX合约边界.md"
P2,product_line,bitbank,margin,"bitbank 官方 REST API 有 Margin status/positions，未见标准 futures/perpetual/options API","当前只声明 spot","写项目未实现 Margin；标准 futures/perpetual/options 按当前 API 口径写交易所不支持合约","产品线官方核验_P4_区域现货交易所.md"
P2,product_line,bitso,margin_wip,"Bitso Trading API 有 Margin Trading [WIP]，同时有 spot books/orders、OTC/RFQ/conversions","当前只声明 spot","写项目未实现 Margin [WIP]；标准 futures/perpetual/options 写交易所不支持合约","产品线官方核验_P4_区域现货交易所.md"
P2,product_line,independentreserve,leveraged_trading,"Independent Reserve 官方 features/API 说明有 leveraged trading","当前只声明 spot","写项目未实现 Leveraged trading/Margin-like product；标准 futures/perpetual/options 写交易所不支持合约","产品线官方核验_P4_区域现货交易所.md"
P2,explicit_unsupported,bitbank,contract,"bitbank 官方 REST API 有 Spot/Margin 相关路径，未见标准 futures/perpetual/options API","当前只声明 spot","单交易所文档写交易所不支持合约；Margin 单独写项目未实现","产品线官方核验_P4_区域现货交易所.md"
P2,explicit_unsupported,bitso,contract,"Bitso Trading API 有 spot/OTC/RFQ/conversions 和 Margin Trading [WIP]，未见 futures/perpetual/options","当前只声明 spot","单交易所文档写交易所不支持合约；Margin [WIP] 单独写项目未实现","产品线官方核验_P4_区域现货交易所.md"
P2,explicit_unsupported,independentreserve,contract,"Independent Reserve 官方资料有 leveraged trading，未见标准 futures/perpetual/options 统一 API","当前只声明 spot","单交易所文档写交易所不支持合约；leveraged trading 单独写项目未实现","产品线官方核验_P4_区域现货交易所.md"
P2,explicit_unsupported,bithumb,contract,"Bithumb Open API 目录覆盖交易对/订单簿/ticker/orders/assets/deposit/withdraw/TWAP，未见标准 futures/perpetual/options","当前只声明 spot","单交易所文档写交易所不支持合约","产品线官方核验_P4_区域现货交易所.md"
P2,explicit_unsupported,bitopro,contract,"BitoPro Open API 覆盖全站交易对、order book、orders、wallet、REST/WS，未见标准 futures/perpetual/options","当前只声明 spot","单交易所文档写交易所不支持合约","产品线官方核验_P4_区域现货交易所.md"
P2,explicit_unsupported,btcmarkets,contract,"BTC Markets API v3 覆盖 markets、orderbook、orders、account、fund transfer、batch orders，未见标准 futures/perpetual/options","当前只声明 spot","单交易所文档写交易所不支持合约","产品线官方核验_P4_区域现货交易所.md"
P2,explicit_unsupported,coincheck,contract,"Coincheck Exchange API 覆盖 public/private spot trading、balance、withdraw、WebSocket，未见标准 futures/perpetual/options","当前只声明 spot","单交易所文档写交易所不支持合约","产品线官方核验_P4_区域现货交易所.md"
P2,explicit_unsupported,coinone,contract,"Coinone API v2/v2.1 覆盖 public market、private balance/order/withdraw、WS，未见标准 futures/perpetual/options","当前只声明 spot","单交易所文档写交易所不支持合约","产品线官方核验_P4_区域现货交易所.md"
P2,explicit_unsupported,luno,contract,"Luno API 覆盖 accounts、market orderbook/tickers/trades/candles、orders、send/receive/transfers，未见 futures/margin","当前只声明 spot","单交易所文档写交易所不支持合约","产品线官方核验_P4_区域现货交易所.md"
P2,explicit_unsupported,upbit,contract,"Upbit API reference 覆盖余额、交易对、订单、订单簿、ticker、withdraw/deposit、WS，未见标准 futures/perpetual/options","当前只声明 spot","单交易所文档写交易所不支持合约","产品线官方核验_P4_区域现货交易所.md"
P2,explicit_unsupported,alpaca,contract,"Alpaca crypto 是 Crypto Spot Trading；crypto margin 不适用；证券 Options 不属于 crypto exchange gateway 合约产品线","当前只声明 spot","按 crypto adapter 口径写交易所不支持合约；证券 Options 如纳入需单独设计","产品线官方核验_P5_区域现货_CEX第二批.md"
P2,product_line,bequant,margin/futures/perpetual,"Bequant v3 API 有 Margin、Futures account/order/position 和 trading WS 方法","当前只声明 spot","写项目未实现 Margin/Futures/Perpetual；补 endpoint mapping、仓位、保证金和 WS","产品线官方核验_P5_区域现货_CEX第二批.md"
P2,product_line,biconomy,futures/perpetual,"Biconomy 官方有 Futures 信息页；当前已接稳定 API 面只覆盖 Spot REST/WS","当前只声明 spot","写项目未实现 Futures/Perpetual；先补官方 futures endpoint spec 核验","产品线官方核验_P5_区域现货_CEX第二批.md"
P2,explicit_unsupported,bit2c,contract,"Bit2C 官方 API 列出 NIS 现货 ticker/orderbook/trades/balance/order/cancel，未见标准 futures/perpetual/options","当前只声明 spot","单交易所文档写交易所不支持合约","产品线官方核验_P5_区域现货_CEX第二批.md"
P2,product_line,bitbns,margin_trading,"Bitbns 官方站点和官方 SDK/API 文档有 Margin Trading API","当前只声明 spot","写项目未实现 Margin Trading；先补 read-only/account/order 语义核验","产品线官方核验_P5_区域现货_CEX第二批.md"
P2,explicit_unsupported,bitbns,contract,"Bitbns 当前官方资料未见稳定标准 futures/perpetual/options API","当前只声明 spot","标准 futures/perpetual/options 写交易所不支持合约；Margin Trading 单独写项目未实现","产品线官方核验_P5_区域现货_CEX第二批.md"
P2,explicit_unsupported,bitteam,contract,"BIT.TEAM 官方资料覆盖 Spot、P2P 和 CCXT-style spot endpoints，未见标准 futures/perpetual/options","当前只声明 spot","单交易所文档写交易所不支持合约；P2P 不并入中心化订单簿 adapter","产品线官方核验_P5_区域现货_CEX第二批.md"
P2,explicit_unsupported,bittrade,contract,"BitTrade 官方 API 介绍明确当前不支持杠杆交易，账户示例为 spot","当前只声明 spot","单交易所文档写交易所不支持合约","产品线官方核验_P5_区域现货_CEX第二批.md"
P2,product_line,blockchaincom,perps/third_party_interface,"Blockchain.com 官方有 Perps/杠杆相关页面，但 Perps 由 Blockchain app 通过第三方 Hyperliquid 接口提供，不是 Exchange API 标准合约接口","当前只声明 Exchange Spot","若纳入则写项目未实现并单独设计；不要并入现货 adapter","产品线官方核验_P5_区域现货_CEX第二批.md"
P2,explicit_unsupported,blockchaincom,contract,"Blockchain.com Exchange API 文档是现货 exchange API，未见标准 futures/perpetual/options Exchange API endpoints","当前只声明 spot","按 Exchange API 口径写交易所不支持合约；Perps/第三方接口单独写项目未实现边界","产品线官方核验_P5_区域现货_CEX第二批.md"
P2,explicit_unsupported,btcbox,contract,"BTCBOX 官方 API 覆盖 JPY 现货 ticker/depth/orders/balance/trade_add/trade_cancel，未见标准 futures/perpetual/options","当前只声明 spot","单交易所文档写交易所不支持合约","产品线官方核验_P5_区域现货_CEX第二批.md"
P2,explicit_unsupported,btcturk,contract,"BtcTurk 官方 API 覆盖 market data、trading、account management，下单字段为 buy/sell 现货订单，未见标准 futures/perpetual/options","当前只声明 spot","单交易所文档写交易所不支持合约","产品线官方核验_P5_区域现货_CEX第二批.md"
P2,explicit_unsupported,coinmate,contract,"Coinmate 官方站点/API 覆盖 EUR/CZK 现货交易、API、order book、orders、balances、WS，未见标准 futures/perpetual/options/margin","当前只声明 spot","单交易所文档写交易所不支持合约","产品线官方核验_P5_区域现货_CEX第二批.md"
P2,product_line,coinmetro,margin/swap/tram_like,"Coinmetro 官方资料确认 Margin 平台，API docs repo 记录 /swap 限制；TRAM-like product boundary 需单独归类","当前只声明 spot","写项目未实现 Margin/Swap/TRAM-like product boundary；标准合约另写交易所不支持","产品线官方核验_P5_区域现货_CEX第二批.md"
P2,explicit_unsupported,coinmetro,contract,"Coinmetro 官方资料未见标准 futures/perpetual/options API","当前只声明 spot","标准 futures/perpetual/options 写交易所不支持合约；Margin/Swap 单独写项目未实现","产品线官方核验_P5_区域现货_CEX第二批.md"
P2,explicit_unsupported,coinsph,contract,"Coins.ph 官方 API/帮助中心明确 Spot Trade API，REST 覆盖 exchangeInfo、depth、orders、account、wallet/payment 边界；未见标准 futures/perpetual/options","当前只声明 spot","单交易所文档写交易所不支持合约","产品线官方核验_P6_剩余区域现货_CEX.md"
P2,explicit_unsupported,coinspot,contract,"CoinSpot 官方 API/V2 API 覆盖 AUD spot markets、balances、orders、history；未见标准 futures/perpetual/options/margin","当前只声明 spot","单交易所文档写交易所不支持合约","产品线官方核验_P6_剩余区域现货_CEX.md"
P2,explicit_unsupported,cryptomus,contract,"Cryptomus 官方 Exchange 文档覆盖 trading pairs、orders、orderbook、WS；payment/conversion 不等于标准合约，未见 futures/perpetual/options","当前只声明 spot","单交易所文档写交易所不支持合约；payment/conversion 不并入合约","产品线官方核验_P6_剩余区域现货_CEX.md"
P2,product_line,exmo,margin,"EXMO 官方资料确认 EXMO Margin 和 Margin API/费率资料","当前只声明 spot","写项目未实现 Margin；补保证金账户、订单、费率和风险边界","产品线官方核验_P6_剩余区域现货_CEX.md"
P2,explicit_unsupported,exmo,contract,"EXMO 官方 perpetual futures 当前写 active development，未见已上线标准 futures/perpetual/options API","当前只声明 spot","当前标准 futures/perpetual/options 写交易所不支持合约；perps 上线后重核","产品线官方核验_P6_剩余区域现货_CEX.md"
P2,product_line,fmfwio,margin/futures/perpetual,"FMFW.io v3 API 有 Margin Trading 与 Futures Trading，含 futures account、positions、orders、trading WS","当前只声明 spot","写项目未实现 Margin/Futures/Perpetual；补仓位、保证金、订单和 WS","产品线官方核验_P6_剩余区域现货_CEX.md"
P2,explicit_unsupported,foxbit,contract,"Foxbit REST/WS v3 覆盖 Exchange spot；Rispar 抵押借贷 margin call 不是交易所合约仓位；未见标准 futures/perpetual/options API","当前只声明 spot","单交易所文档写交易所不支持合约；Rispar loan/OTC/Prime Desk 不并入合约","产品线官方核验_P6_剩余区域现货_CEX.md"
P2,explicit_unsupported,hollaex,contract,"HollaEx 官方 api.hollaex.com/v2 是 demo/API spot exchange surface；白标/admin 能力不等于此 adapter 的合约产品线","当前只声明 spot","按官方 demo/API profile 写交易所不支持合约；任意白标 venue 单独核验","产品线官方核验_P6_剩余区域现货_CEX.md"
P2,explicit_unsupported,indodax,contract,"Indodax 官方 public/private API 与 PDF/GitHub docs 覆盖 IDR spot pairs、TAPI trading/account；未见标准 futures/perpetual/options/margin API","当前只声明 spot","单交易所文档写交易所不支持合约","产品线官方核验_P6_剩余区域现货_CEX.md"
P2,product_line,latoken,futures/perpetual_endpoint_spec,"LATOKEN API v1/v2 是 spot order/account/market data，API 权限写 Trading on Spot；官方 /futures 页面有产品线索但当前 API 文档未给稳定 endpoint","当前只声明 spot","写项目未实现 Futures/需官方 endpoint spec 核验；不能写交易所不支持合约","产品线官方核验_P6_剩余区域现货_CEX.md"
P2,explicit_unsupported,mercado,contract,"Mercado Bitcoin API v4 覆盖 spot symbols、orderbook、accounts、balances、orders、fees、wallet；positions 是 open orders，不是合约仓位","当前只声明 spot","单交易所文档写交易所不支持合约","产品线官方核验_P6_剩余区域现货_CEX.md"
P2,product_line,myokx,margin/swap/futures/options/events,"my.okx.com/docs-v5 是 OKX v5 API，包含 Spot/Margin、Futures、Swap、Options、Events、positions、leverage、funding/open interest","当前只声明 spot","写项目未实现 Margin/Swap/Futures/Options/Events 或委托主 okx adapter；不能写交易所不支持合约","产品线官方核验_P6_剩余区域现货_CEX.md"
P2,product_line,ndax,margin_account_semantics,"NDAX API 响应字段含 margin enabled、lending/profit-loss account 字段，但 instrument type 当前为 standard；未见标准 futures/perpetual/options","当前只声明 spot","写项目未实现 Margin account semantics；标准 futures/perpetual/options 另写交易所不支持合约","产品线官方核验_P6_剩余区域现货_CEX.md"
P2,explicit_unsupported,ndax,contract,"NDAX API 未见标准 futures/perpetual/options；instrument type 当前为 standard","当前只声明 spot","标准 futures/perpetual/options 写交易所不支持合约；margin account semantics 单独写项目未实现","产品线官方核验_P6_剩余区域现货_CEX.md"
P2,explicit_unsupported,novadax,contract,"NovaDAX 官方 API 覆盖 symbols、market data、orders、account、wallet；未见 futures/perpetual/options/margin","当前只声明 spot","单交易所文档写交易所不支持合约","产品线官方核验_P6_剩余区域现货_CEX.md"
P2,product_line,okxus,perpetual_futures/event_contracts/margin,"OKX U.S. 官方帮助中心当前有 perpetual futures、event contracts、spot & margin trading 资料；区域可用性/资格仍需审计","当前只声明 spot","写项目未实现 Perpetual Futures/Event Contracts/Margin boundary；补区域资格/API 域名核验","产品线官方核验_P6_剩余区域现货_CEX.md"
P2,product_line,onetrading,futures/perpetual,"One Trading Futures API 明确 PERP perpetual futures instruments、margin、positions、futures order path","当前只声明 spot","写项目未实现 Futures/Perpetual；补 futures endpoint mapping、仓位、保证金、订单和 WS","产品线官方核验_P6_剩余区域现货_CEX.md"
P2,explicit_unsupported,p2b,contract,"P2B API/Swagger 覆盖 spot pairs、orderbook、balance、order、trades、P2P；未见标准 futures/perpetual/options","当前只声明 spot","单交易所文档写交易所不支持合约；P2P 不并入中心化订单簿","产品线官方核验_P6_剩余区域现货_CEX.md"
P2,explicit_unsupported,paymium,contract,"Paymium API/adapter scope 是 BTC/EUR spot public/private REST 与 socket.io；未见 margin/futures/perpetual/options","当前只声明 spot","单交易所文档写交易所不支持合约","产品线官方核验_P6_剩余区域现货_CEX.md"
P2,explicit_unsupported,tokocrypto,contract,"Tokocrypto API 是 spot/Binance-family surface；exchangeInfo 中 spotTradingEnable=1、marginTradingEnable=0；未见 futures/perpetual/options","当前只声明 spot","单交易所文档写交易所不支持合约","产品线官方核验_P6_剩余区域现货_CEX.md"
P2,explicit_unsupported,wavesexchange,contract,"WX matcher REST/WS 是 Waves spot asset pair matcher；不提供标准合约仓位、资金费、mark price","当前只声明 spot","单交易所文档写交易所不支持合约","产品线官方核验_P6_剩余区域现货_CEX.md"
P2,explicit_unsupported,yobit,contract,"YoBit API v3/TAPI 覆盖 public spot market data、Trade API、Defi swap/Yobicode 等；未见标准 futures/perpetual/options","当前只声明 spot","单交易所文档写交易所不支持合约；Defi swap 不并入合约","产品线官方核验_P6_剩余区域现货_CEX.md"
P2,explicit_unsupported,zaif,contract,"Zaif 官方 API 文档覆盖 Orderbook trading；官方信用取引页面写当前停止中；未见当前可接的标准 futures/perpetual/options API","当前只声明 spot","当前 margin/信用取引不作为项目缺实现；标准合约写交易所不支持合约，恢复后重核","产品线官方核验_P6_剩余区域现货_CEX.md"
P2,product_line,zebpay,futures/perpetual,"ZebPay API services 和 docs 明确 Spot + Perpetual Futures/Futures API，含 futures market/orderbook/exchangeInfo、leverage/margin 字段","当前只声明 spot","写项目未实现 Futures/Perpetual；不能写交易所不支持合约","产品线官方核验_P6_剩余区域现货_CEX.md"
P2,public_ws_struct,ascendex,spot/perpetual,"官方支持 public `depth:<symbol>` 和 `bbo:<symbol>`；depth 默认 300ms throttle；snapshot 最多 500 档；seqnum 必须连续","项目已有 payload/parser 证据但缺结构化 interval/depth/resync 字段","补 endpoint_mapping 的 push interval、depth-snapshot/depth-snapshot-top100、seqnum 断档重建和 fixture","WebSocket官方核验_P3_P2公共WS缺口交易所.md"
P2,public_ws,cex,spot,"官方 Spot Trading WS 支持 `order_book_subscribe` 和 `order_book_increment`；首包 snapshot 带 seqId；官方未给固定 ms","项目只有 payload/auth/pong helper；公共 WS runtime 未实现","补 ws-public endpoint、订阅 payload、seqId 增量 parser、REST snapshot/断线重建策略","WebSocket官方核验_P3_P2公共WS缺口交易所.md"
P2,public_ws,coinsph,spot,"官方支持 bookTicker real-time、partial depth 5/10/20/200、diff depth 100ms/1000ms；U/u 本地订单簿规则明确","当前 public/private WebSocket runtime unsupported","补 Coins.ph public stream endpoint、bookTicker、partial/diff depth、U/u snapshot 重建和 parser fixture","WebSocket官方核验_P3_P2公共WS缺口交易所.md"
P2,public_ws,latoken,spot,"官方 STOMP WS 支持 `/v1/book/{base}/{quote}`；未给固定 ms/depth；nonce 连续性用于重连检测","当前 WebSocket spec-only；runtime 不启用","补 STOMP public book runtime 或明确保持 spec-only 的 parser/fixture 边界；记录 nonce gap reconnect","WebSocket官方核验_P3_P2公共WS缺口交易所.md"
P2,public_ws,p2b,spot,"官方支持 WSS `depth.subscribe`；limit 1-100；increment 每 1s；full flag 每 60s；未给 sequence/checksum","当前 WSS documented as unverified；runtime unsupported","补 depth.subscribe/depth.update parser、1s/60s 重建策略和无 sequence/checksum 风险字段","WebSocket官方核验_P3_P2公共WS缺口交易所.md"
P2,public_ws,paymium,spot,"官方 socket.io public stream 推 `bids`/`asks` 价位变更；未给固定 ms/depth/sequence","当前 socket.io public/user runtime unsupported","补 socket.io v1.3 public stream 或保留项目未实现任务；用 REST depth 初始化和断线全量重建","WebSocket官方核验_P3_P2公共WS缺口交易所.md"
P2,public_ws_unsupported,bit2c,spot,"当前官方 API 只见 REST public/private；未见稳定公共订单簿 WS","public_ws=未声明","单交易所文档写交易所不支持公共 WS 行情；REST orderbook/top book 作为 polling fallback","WebSocket官方核验_P3_P2公共WS缺口交易所.md"
P2,public_ws_unsupported,bitteam,spot,"当前官方 docs/OpenAPI 只给 REST/CCXT-style endpoints；未给 WSS endpoint 和订单簿订阅规格","public_ws=unsupported","单交易所文档写交易所不支持公共 WS 行情；REST orderbook 作为 polling fallback","WebSocket官方核验_P3_P2公共WS缺口交易所.md"
P2,public_ws_unsupported,btcbox,spot,"当前官方 API 资料是 HTTP Public/Private API；未见稳定公共订单簿 WS","public_ws=unsupported","单交易所文档写交易所不支持公共 WS 行情；REST depth 作为 polling fallback","WebSocket官方核验_P3_P2公共WS缺口交易所.md"
P2,public_ws_unsupported,cod3x,perpetual,"Cod3x 官方资料是 perps trading terminal/routing layer；未建立 Cod3x-native 订单簿 WS API","public_ws=未声明","单交易所文档按 Cod3x-native profile 写交易所不支持公共 WS 行情；下游 venue 走各自 adapter","WebSocket官方核验_P3_P2公共WS缺口交易所.md"
P2,public_ws_unsupported,coinspot,spot,"官方 API/V2 API 是 public/private REST；未见公共订单簿 WS","public_ws=未声明","单交易所文档写交易所不支持公共 WS 行情；REST open orders/orderbook polling fallback","WebSocket官方核验_P3_P2公共WS缺口交易所.md"
P2,public_ws_unsupported,derive_chain_perps,perpetual,"Derive Exchange 官方 WS runtime 归 `derive` adapter；本 profile 只记录 Derive Chain settlement 边界","public_ws=未声明","单交易所文档按 profile 口径写交易所不支持公共 WS 行情；避免重复实现 Derive Exchange WS","WebSocket官方核验_P3_P2公共WS缺口交易所.md"
P2,public_ws_unsupported,equation,perpetual,"官方资料是 Arbitrum perpetual protocol、REST/Graph/EVM 示例；未给稳定 exchange-gateway 公共订单簿 WS","public_ws=未声明","单交易所文档按 audit-only adapter 口径写交易所不支持公共 WS 行情","WebSocket官方核验_P3_P2公共WS缺口交易所.md"
P2,public_ws_unsupported,indodax,spot,"官方 PDF/GitHub API 覆盖 Public API 和 TAPI REST；未见公共订单簿 WS","public_ws=未声明","单交易所文档写交易所不支持公共 WS 行情；REST depth polling fallback","WebSocket官方核验_P3_P2公共WS缺口交易所.md"
P2,public_ws_unsupported,yobit,spot,"官方 API v2/v3/TAPI/Defi API 覆盖 REST market data 和交易接口；未见公共订单簿 WS","public_ws=unsupported","单交易所文档写交易所不支持公共 WS 行情；REST depth polling fallback","WebSocket官方核验_P3_P2公共WS缺口交易所.md"
P2,public_ws_unsupported,zebpay,spot/futures,"当前官方 docs 覆盖 Spot/Futures REST market/book/orderBook；未见公共订单簿 WS stream","public_ws=unsupported","单交易所文档写交易所不支持公共 WS 行情；REST book/book_long/futures orderBook polling fallback","WebSocket官方核验_P3_P2公共WS缺口交易所.md"
P2,public_ws_unsupported,zeta_markets,perpetual,"官方文档声明 Zeta Markets 已于 2025-05 停止运营；无当前公共 WS runtime","public_ws=unsupported","单交易所文档写交易所不支持当前公共 WS runtime；只保留 legacy REST fixture","WebSocket官方核验_P3_P2公共WS缺口交易所.md"
P3,public_ws_struct,aark,perpetual,"官方 Orderly orderbookupdate 每 200ms；{symbol}@orderbookupdate；prevTs；无 checksum","public_ws=spec_only，缺 interval/depth/sequence 结构化字段","补 Orderly EVM WS endpoint/account_id、200ms、prevTs、request orderbook snapshot 重建","WebSocket官方核验_P5_衍生品链上盘口细项.md"
P3,public_ws_struct,modetrade,perpetual,"官方 Orderly orderbookupdate 每 200ms；{symbol}@orderbookupdate；prevTs；无 checksum","public_ws=spec_only，缺 interval/depth/sequence 结构化字段","补 Orderly EVM WS endpoint/account_id、200ms、prevTs、request orderbook snapshot 重建","WebSocket官方核验_P5_衍生品链上盘口细项.md"
P3,public_ws_struct,woofipro,perpetual,"官方 Orderly orderbookupdate 每 200ms；{symbol}@orderbookupdate；prevTs；无 checksum","public_ws=spec_only，缺 interval/depth/sequence 结构化字段","补 Orderly EVM WS endpoint/account_id、200ms、prevTs、request orderbook snapshot 重建","WebSocket官方核验_P5_衍生品链上盘口细项.md"
P3,public_ws_struct,apex,perpetual,"官方 ApeX Omni 支持 orderBook{limit}.H.{symbol}；limit 25/200；未给固定 ms；无 checksum","public_ws=native，缺 interval/depth/sequence 结构化字段","补 high-frequency topic、25/200 档、snapshot+delta、乱序后 snapshot 重建","WebSocket官方核验_P5_衍生品链上盘口细项.md"
P3,public_ws_struct,aster,perpetual,"官方 Aster Futures 支持 bookTicker realtime、partial/diff depth 100/250/500ms、5/10/20 档、U/u/pu","public_ws=declared，缺 interval/depth/sequence 结构化字段","补 Binance-style depth channel、100ms 档、5/10/20 档、REST snapshot + delta buffer 重建","WebSocket官方核验_P5_衍生品链上盘口细项.md"
P3,public_ws_struct,blofin,perpetual,"官方 BloFin books 200 depth 增量 100ms；books5 5 depth 100ms；prevSeqId/seqId","public_ws=native，缺 interval/depth/sequence 结构化字段","补 books/books5、100ms、200/5 档、prevSeqId 连续性和断档重建","WebSocket官方核验_P5_衍生品链上盘口细项.md"
P3,public_ws_struct,bullish,spot/perpetual,"官方 Bullish 支持 l1Orderbook/l2Orderbook live realtime；sequenceNumber；未给固定 ms/depth","public_ws=native，缺 interval/depth/sequence 结构化字段","补 JSON-RPC subscribe、L1/L2、sequence/reconnect 和 REST hybrid snapshot 重建","WebSocket官方核验_P5_衍生品链上盘口细项.md"
P3,public_ws_struct,derive,option/perpetual,"官方 Derive 支持 public orderbook/ticker/trades WS；未给固定 ms/depth/sequence/checksum","public_ws=native，缺 interval/depth/sequence 风险字段","补 orderbook channel、无固定 ms/depth/checksum 标记和 REST/JSON-RPC snapshot 兜底","WebSocket官方核验_P5_衍生品链上盘口细项.md"
P3,public_ws_struct,dydx,perpetual,"官方 dYdX v4_orderbook 首包 snapshot 后推 price level 更新；message_id/version/clobPairId；无 checksum","public_ws=native，缺 interval/depth/rebuild 结构化字段","补 v4_orderbook initial/update、message_id/version、断线重新订阅 snapshot 重建","WebSocket官方核验_P5_衍生品链上盘口细项.md"
P3,public_ws_struct,hyperliquid,spot/perpetual,"官方 Hyperliquid 支持 l2Book/bbo；REST l2Book snapshot 最多 20 levels/side；无固定 ms/sequence/checksum","public_ws=native，缺无固定 ms/无 checksum/REST depth 字段","补 bbo/l2Book、20 levels REST snapshot、stale book 和 resync 风险字段","WebSocket官方核验_P5_衍生品链上盘口细项.md"
P3,public_ws_struct,lighter,perpetual/spot,"官方 Lighter order_book/{MARKET_INDEX} 每 50ms；首包 snapshot 后只推变化；nonce 连续；无 checksum","public_ws=parser_only，缺 interval/depth/nonce 结构化字段","补 50ms、nonce continuity、snapshot/update、gap resubscribe 和高速盘口标记","WebSocket官方核验_P5_衍生品链上盘口细项.md"
P3,public_ws_struct,paradex,perpetual/option/spot,"官方 Paradex order_book 固定 15 levels，refresh_rate 50ms/100ms，feed_type snapshot/deltas/interactive，seq_no","public_ws=native，缺 interval/depth/feed_type/sequence 字段","补 50/100ms、15 levels、feed_type、seq_no 和高速盘口标记","WebSocket官方核验_P5_衍生品链上盘口细项.md"
P2,public_ws_unsupported,bitkan,spot/perpetual,"当前未找到 BitKan 官方稳定 API 文档公开说明订单簿 WebSocket；公开资料更像聚合交易/broker 入口","public_ws=unsupported","单交易所文档写交易所不支持公共 WS 行情；不要把 unverified helper 推到 runtime","WebSocket官方核验_P6_补充交易所盘口细项.md"
P3,public_ws_struct,aftermath,perpetual,"官方 Aftermath Perpetuals SDK 有 /perpetuals/ws/updates orderbook deltas；未给固定 ms/depth/sequence/checksum","public_ws=spec_only，缺 orderbook channel/interval/depth 结构化字段","补 orderbook delta subscribe/unsubscribe、无固定 ms/depth/sequence 风险和 REST getOrderbook snapshot fallback","WebSocket官方核验_P6_补充交易所盘口细项.md"
P3,public_ws_struct,alpaca,spot,"官方 Alpaca Crypto Data API 支持 orderbooks WS；需 auth 后 subscribe；未给固定 ms/depth/sequence/checksum","public_ws=native，缺 interval/depth 风险字段","补 auth+subscribe orderbooks、无固定 ms/depth/checksum 和 REST latest orderbooks 重建","WebSocket官方核验_P6_补充交易所盘口细项.md"
P3,public_ws_struct,apollox_dex,perpetual,"官方 APX/ApolloX Futures 支持 bookTicker real-time、partial/diff depth 100/250/500ms、5/10/20 档、U/u/pu","public_ws=spec_only，缺 orderbook channel/interval 结构化字段","补 Binance-style depth/bookTicker、100ms、5/10/20 档、REST snapshot + delta buffer 重建","WebSocket官方核验_P6_补充交易所盘口细项.md"
P3,public_ws_struct,arkham,spot/perpetual,"官方 Arkham Exchange 有 RESTful HTTP API 和 Websocket API，但公开页未给订单簿 channel/interval/depth/sequence 细项","public_ws=spec_only，缺 orderbook channel/interval/depth 字段","补完整 Exchange API reference 来源、orderbook subscribe payload、无固定细项风险；未补前不启用 runtime","WebSocket官方核验_P6_补充交易所盘口细项.md"
P3,public_ws_struct,biconomy,spot,"官方 Biconomy depth.subscribe 支持 depth 5/10/15/20/30/50/100、precision 多档；depth.update 有 is_full；未给固定 ms/sequence/checksum","public_ws=spec_only，缺 interval/depth/sequence 结构化字段","补 depth.subscribe、depth/precision、full/incremental 和无 sequence/checksum 风险字段","WebSocket官方核验_P6_补充交易所盘口细项.md"
P3,public_ws_struct,bigone,spot/perpetual,"官方 BigONE Spot WS MarketDepth 先 snapshot 后 update；changeId/prevId 连续；未给固定 ms/depth","public_ws=parser_only，缺 orderbook channel/interval/depth 字段","补 subscribeMarketDepthRequest、snapshot/update、changeId/prevId、protobuf 选项和 REST snapshot 重建","WebSocket官方核验_P6_补充交易所盘口细项.md"
P3,public_ws_struct,bitbns,spot,"旧官方 Python repo 已废弃且说明不覆盖 WebSockets；示例仅出现 getOrderBookSocket，未给稳定 endpoint/interval/depth/sequence","public_ws=spec_only，缺 orderbook channel/interval/depth 字段","补旧 SDK 风险边界；保持 spec-only，REST orderbook 重建，未取得稳定官方规格前不启用 runtime","WebSocket官方核验_P6_补充交易所盘口细项.md"
P3,public_ws_struct,bitrue,spot/perpetual,"官方 Bitrue Spot WS 支持 market_${symbol}_simple_depth_step0；gzip payload；server ping 15s；未给固定 ms/depth/checksum","public_ws=parser_only，缺 orderbook channel/interval/depth 字段","补 depth channel、gzip、ping 15s、无固定 ms/depth/checksum 和 REST depth fallback","WebSocket官方核验_P6_补充交易所盘口细项.md"
P3,public_ws_struct,bittrade,spot,"官方 BitTrade public WS 支持 market.<symbol>.depth.<type> step0-step5 和 market.<symbol>.bbo；BBO 有 seqId；未给固定 ms/checksum","public_ws=native，缺 orderbook channel/interval 字段","补 depth/BBO channel、step0-step5、seqId、gzip 和 REST depth 重建","WebSocket官方核验_P6_补充交易所盘口细项.md"
P3,public_ws_struct,bitunix,spot/perpetual,"官方 Bitunix Futures depth_books/book1/book5/book15；Spot WS 是 request-response；未给固定 ms/sequence/checksum","public_ws=spec_only，缺 orderbook channel/depth 字段","补 futures depth channel、1/5/15 档、15s ping、无 sequence/checksum 和 REST depth重建","WebSocket官方核验_P6_补充交易所盘口细项.md"
P3,public_ws_struct,blockchaincom,spot,"官方 Blockchain.com Exchange WS 支持 l2/l3 order book；消息带 seqnum；未给固定 ms/checksum","public_ws=spec_only，缺 orderbook channel/interval 字段","补 l2/l3 subscribe、seqnum、snapshot/update、message limit 和 REST/WS snapshot 重建","WebSocket官方核验_P6_补充交易所盘口细项.md"
P3,public_ws_struct,bsx,perpetual,"官方 BSX book channel 订阅后 snapshot，之后 25ms 推增量且每分钟 snapshot；payload 有 gsn/timestamp，未见 checksum","public_ws=spec_only，缺 interval/depth/sequence 结构化字段","补 book channel、25ms、每分钟 snapshot、gsn 和 REST product book snapshot fallback","WebSocket官方核验_P7_补充交易所盘口细项二.md"
P3,public_ws_struct,btcturk,spot,"官方 BtcTurk orderbook channel 推全量，obdiff channel 推差量；CS 为 ChangeSet 顺序值；未给固定 ms/depth/checksum","public_ws=native，缺订单簿 channel/interval/depth 字段","补 orderbook/obdiff 订阅、CS、REST orderbook 初始化和断档重建","WebSocket官方核验_P7_补充交易所盘口细项二.md"
P3,public_ws_struct,bybiteu,spot/futures/perpetual,"官方 Bybit V5 orderbook 支持 1 档 10ms、50 档 20ms、200 档 100ms、1000 档 200ms；有 u/seq/cts","public_ws=spec_only，已有 orderbook.50 但缺 interval/sequence 字段","补 EU host 下 orderbook.1/orderbook.50、10ms/20ms、snapshot/delta 和 u/seq/cts","WebSocket官方核验_P7_补充交易所盘口细项二.md"
P3,public_ws_struct,bydfi,perpetual,"官方 BYDFi Futures depth/limited depth 支持 1000ms 或 100ms；limited depth 10/50/100；未见 sequence/checksum","public_ws=native，缺 channel/interval 结构化字段","补 path stream 和 JSON SUBSCRIBE、100ms、10/50/100 档、REST snapshot fallback","WebSocket官方核验_P7_补充交易所盘口细项二.md"
P3,public_ws_struct,coinstore,spot/perpetual,"官方 Coinstore Spot depth stream 最小推送间隔 100ms；Spot server message 有 session 序号 S；Futures 支持 future_snapshot_depth","public_ws=parser_only，缺订单簿 channel/interval/depth 字段","补 spot depth stream、100ms、session 序号 S、futures snapshot depth 和 REST snapshot 重建","WebSocket官方核验_P7_补充交易所盘口细项二.md"
P3,public_ws_struct,cointr,spot/perpetual,"官方 CoinTR depth channel 200-300ms；books/books1/books5/books15；有 CRC32 checksum","public_ws=declared，缺 interval/depth 结构化字段","补 200-300ms、1/5/15/full 档、CRC32 checksum 和 snapshot+update 重建","WebSocket官方核验_P7_补充交易所盘口细项二.md"
P3,public_ws_struct,cryptomus,spot,"官方 Cryptomus depth_subscribe 按 market:scale_index 订阅；depth_update 有 full_reload 标记；未给固定 ms/depth/sequence/checksum","public_ws=spec_only，缺订单簿 channel/interval/depth 字段","补 depth_subscribe、scale_index、full_reload、无 sequence/checksum 风险和 REST orderbook fallback","WebSocket官方核验_P7_补充交易所盘口细项二.md"
P2,public_ws_unsupported,d8x,perpetual,"本批未找到 D8X 稳定官方公共订单簿 WS 文档；可核验的是 CoinGecko-compatible REST orderbook","public/private WS runtime unsupported，只有 payload fixture","单交易所文档写交易所不支持当前公共 WS runtime；REST orderbook snapshot fallback，未核验 fixture 不进实盘","WebSocket官方核验_P7_补充交易所盘口细项二.md"
P3,public_ws_struct,deepcoin,spot/perpetual,"官方 DeepCoin public WS V2 book25 为 25Level Incremental Market Data；有 LocalNo/ResumeNo；未给固定 ms/checksum","public_ws=spec/parser ready，缺 interval/depth/sequence 结构化字段","补 book25、25 档、LocalNo/ResumeNo、REST books sz 1..400 snapshot fallback","WebSocket官方核验_P7_补充交易所盘口细项二.md"
P3,public_ws_struct,delta,futures/option/perpetual,"官方 Delta 新公共 WS ob_l1 100ms、ob_l2 15 档 500ms、ob_updates 100ms；ob_updates 有 seq 和 CRC32 cs","public_ws=native descriptor，缺新 channel/interval/checksum 字段","补 ob_l1/ob_l2/ob_updates、新 public endpoint、seq +1 校验、CRC32 和 resubscribe 重建","WebSocket官方核验_P7_补充交易所盘口细项二.md"
P3,public_ws_struct,digifinex,spot/perpetual,"官方 DigiFinex Spot depth.subscribe 推 depth.update，首参数 true/false 区分 complete/update；Swap orderbook.subscribe；未给固定 ms/depth/checksum","public_ws=spec/parser ready，缺 interval/depth 结构化字段","补 depth/orderbook subscribe、complete/update 标记、无固定 ms/depth/checksum 和 REST snapshot fallback","WebSocket官方核验_P7_补充交易所盘口细项二.md"
P3,public_ws_struct,exmo,spot,"官方 EXMO public WS 支持 spot/order_book_snapshots 和 spot/order_book_updates；top-25 positions 和 top-400 changes；未给固定 ms/sequence/checksum","public_ws=spec_only，缺 interval/depth 字段","补 snapshots/updates、25/400、无 sequence/checksum 风险和 REST order_book 重建","WebSocket官方核验_P7_补充交易所盘口细项二.md"
P3,public_ws_struct,fmfwio,spot,"官方 FMFW.io/HitBTC v3 family 支持 orderbook/D5-D20/100ms、orderbook/top/100ms 和 orderbook/full；partial 有 sequence s；未见 checksum","public_ws=spec_only，缺 orderbook channel 字段","补 orderbook/D5/D10/D20、top BBO、100/500/1000ms、sequence s 和 REST snapshot 重建","WebSocket官方核验_P8_补充交易所盘口细项三.md"
P3,public_ws_struct,foxbit,spot,"官方 Foxbit REST/WS v3 支持 public orderbook payload；本批未核到固定 ms/depth/sequence/checksum","public_ws=payload_helper，缺推流间隔字段","补无固定 ms/sequence/checksum 风险、depth 参数复核和 REST orderbook fallback","WebSocket官方核验_P8_补充交易所盘口细项三.md"
P3,public_ws_struct,gemini,spot,"官方 Gemini WS 支持 bookTicker real-time、partial depth 5/10/20 100ms/1s、diff depth 100ms/1s；有 lastUpdateId/U/u","public_ws=native，缺 orderbook channel/interval/depth 字段","补 bookTicker、depth5/10/20@100ms、diff depth@100ms、snapshot 参数和 U/u 重建","WebSocket官方核验_P8_补充交易所盘口细项三.md"
P3,public_ws_struct,grvt,perpetual/option,"官方 GRVT v1.book.s 支持 selector instrument@rate-depth；示例 500ms/50 档；payload 有 sequence_number/prev_sequence_number","public_ws=parser_only，缺 interval/depth 字段","补 v1.book.s/v1.book.d、500ms/50 档、sequence/prev_sequence 和 gap resubscribe","WebSocket官方核验_P8_补充交易所盘口细项三.md"
P3,public_ws_struct,hashkey_global,spot/perpetual,"官方 HashKey Global depth topic 300ms、最多 200 档；REST depth limit max 200；未见 sequence/checksum","public_ws=spec_only，缺 orderbook channel/interval/depth 字段","补 depth topic、300ms、200 档、10s ping 和 REST depth fallback","WebSocket官方核验_P8_补充交易所盘口细项三.md"
P3,public_ws_struct,hibachi,perpetual,"Hibachi SDK/公开资料有 market WS orderbook/{symbol} payload；官方公开页未给固定 ms/depth/sequence/checksum","public_ws=parser_only，缺 interval/depth 字段","补 orderbook/{symbol}、无固定 ms/depth/sequence/checksum 风险和 REST orderbook fallback","WebSocket官方核验_P8_补充交易所盘口细项三.md"
P3,public_ws_struct,hitbtc,spot,"官方 HitBTC v3 支持 orderbook/D5-D20/100ms、orderbook/top/100ms 和 orderbook/full；partial 有 sequence s；未见 checksum","public_ws=spec_only，缺 orderbook channel 字段","补 orderbook/D5/D10/D20、top BBO、100/500/1000ms、sequence s 和 REST snapshot 重建","WebSocket官方核验_P8_补充交易所盘口细项三.md"
P3,public_ws_struct,hollaex,spot,"官方 HollaEx WS 支持 orderbook channel 和 orderbook:{symbol}；未给固定 ms/depth/sequence/checksum","public_ws=spec_only，缺 orderbook channel/interval/depth 字段","补 orderbook:{symbol}、HollaEx 白标 profile 风险、无固定 ms/depth/checksum 和 REST orderbook fallback","WebSocket官方核验_P8_补充交易所盘口细项三.md"
P3,public_ws_struct,krakenfutures,perpetual,"官方 Kraken Futures WS book feed 支持 snapshot+delta；消息有 seq；未给固定 ms/depth/checksum","public_ws=native，缺 orderbook channel/interval/depth 字段","补 book feed、snapshot/delta、seq 连续性和 REST/orderbook 重建","WebSocket官方核验_P8_补充交易所盘口细项三.md"
P3,public_ws_struct,kucoinfutures,perpetual,"官方 KuCoin Futures increment real-time，level2Depth5/50 100ms；UTA obu 支持 BBO real-time、5/50 100ms、increment real-time；有 sequence","public_ws=native，缺 orderbook channel/interval 字段","补 /contractMarket/level2、level2Depth5/50、UTA obu、100ms 和 sequenceStart/sequenceEnd 重建","WebSocket官方核验_P8_补充交易所盘口细项三.md"
P2,public_ws_unsupported,mango_markets,margin/perpetual,"当前只确认 Solana accountSubscribe/RPC account notification，不等价于统一交易所公共订单簿 WS；OpenBook/Serum 需独立链上 indexer","public_ws=spec_only，accountSubscribe payload only","单交易所文档写交易所不支持当前公共订单簿 WS runtime；如补 OpenBook 盘口需单独设计链上 indexer","WebSocket官方核验_P8_补充交易所盘口细项三.md"
P3,public_ws_struct,mercado,spot,"官方 Mercado Bitcoin API v4 说明有 WebSocket API，项目已有 orderbook payload helper；本批未核到固定 ms/depth/sequence/checksum，REST orderbook limit max 1000","public_ws=payload_helper，缺 interval/depth 字段","补 WS 入口风险、无固定 ms/depth/sequence/checksum 和 REST /api/v4/{symbol}/orderbook fallback","WebSocket官方核验_P8_补充交易所盘口细项三.md"
